﻿A Boban,YUG,Yugoslavia
A Gutirrez-Wittmann,ISV,Virgin Islands
a Lelas,YUG,Yugoslavia
A Titli,YUG,Yugoslavia
A. Laffen,UNK,Unknown
Aaron Nigel Armstrong,TTO,Trinidad and Tobago
aban Sejdi,YUG,Yugoslavia
aban Trste,YUG,Yugoslavia
Abas Arslagi,YUG,Yugoslavia
Abbas Khamis,UAR,United Arab Republic
Abbas Qali,IOA,Individual Olympic Athletes
Abdallah Gazi,UAR,United Arab Republic
Abdel Aziz Fahmi El-Shafei,UAR,United Arab Republic
Abdel Fattah Abou-Shab,UAR,United Arab Republic
Abdel Khadr El-Sayed El-Touni,UAR,United Arab Republic
Abdel Mohsen Saad,UAR,United Arab Republic
Abdel Moneim El-Gindy,UAR,United Arab Republic
Abdel Sattar Abdel Hadj,UAR,United Arab Republic
Abdel Vares Sharraf,UAR,United Arab Republic
Abdou Selim,UAR,United Arab Republic
Abdul Karim Daoud,YAR,North Yemen
Abdul Raab Al-Ghadi,YAR,North Yemen
Abdulah Memedi,YUG,Yugoslavia
Abdulaziz Al-Shatti,IOA,Individual Olympic Athletes
Abdullah Al-Ghrbi,YAR,North Yemen
Abdullah Al-Rashidi,IOA,Individual Olympic Athletes
Abdullah Al-Shamsi,YAR,North Yemen
Abdulrahman Al-Faihan,IOA,Individual Olympic Athletes
Ace Rusevski,YUG,Yugoslavia
Ada Smolnikar,YUG,Yugoslavia
Ade Franci Alleyne-Forte,TTO,Trinidad and Tobago
Adel Ali Ahmad Mohamed Hekal,UAR,United Arab Republic
Adelbert Nico,ISV,Virgin Islands
Adjin Paovi,YUG,Yugoslavia
Admir Jamak,YUG,Yugoslavia
Admir Smaji,YUG,Yugoslavia
Adn Dizdar,YUG,Yugoslavia
Adolf Potoar,YUG,Yugoslavia
"Adriaan Walter ""Jani"" Brokke",AHO,Netherlands Antilles
Adrian Kent Russell Durant,ISV,Virgin Islands
Afia Neliah Charles,ANT,Antigua and Barbuda
Aguida Fatima Amaral,IOA,Individual Olympic Athletes
Ahmad Al-Afasi,IOA,Individual Olympic Athletes
Ahmed Dakkeli,UAR,United Arab Republic
Ahmed El-Hamy El-Husseini,UAR,United Arab Republic
Ahmed Goneim,UAR,United Arab Republic
Ahmed H. Moharran,UAR,United Arab Republic
Ahmed Issam Allam,UAR,United Arab Republic
Ahmed Zein El-Abidin,UAR,United Arab Republic
Ainsley Edward Armstrong,TTO,Trinidad and Tobago
air Deko,YUG,Yugoslavia
Alaa Al-Din Hassanin El-Hamouly,UAR,United Arab Republic
Alain Maxime Isiah,SKN,Turks and Caicos Islands
Alan Stevens,HKG,Hong Kong
Alay D. Snell (-Kidd),ISV,Virgin Islands
Albert Edward MacKay Rowland,ANZ,Australasia
"Albertus ""Bart"" Carpentier Alting",AHO,Netherlands Antilles
Albin Felc,YUG,Yugoslavia
Albin Jakopi,YUG,Yugoslavia
Albin Novak,YUG,Yugoslavia
Albin Rogelj,YUG,Yugoslavia
Albin Vidovi,YUG,Yugoslavia
Aleesha Barber,TTO,Trinidad and Tobago
"Aleksandar ""Aleksa"" Kovaevi",YUG,Yugoslavia
"Aleksandar ""Aleksa"" Spahi",YUG,Yugoslavia
"Aleksandar ""Sao"" Grajf",YUG,Yugoslavia
Aleksandar Aneli,YUG,Yugoslavia
Aleksandar api,SCG,Serbia and Montenegro
Aleksandar Atackovi,YUG,Yugoslavia
Aleksandar iri,SCG,Serbia and Montenegro
Aleksandar Jovanevi,SCG,Serbia and Montenegro
Aleksandar Karakaevi,SCG,Serbia and Montenegro
Aleksandar Kerov,YUG,Yugoslavia
Aleksandar Kneevi,SCG,Serbia and Montenegro
Aleksandar Kozli,YUG,Yugoslavia
Aleksandar Milenkovi,IOA,Individual Olympic Athletes
Aleksandar Milenkovi,SCG,Serbia and Montenegro
Aleksandar Milenkovi,YUG,Yugoslavia
Aleksandar Mitrovi,SCG,Serbia and Montenegro
Aleksandar Nikoli,YUG,Yugoslavia
Aleksandar osi,YUG,Yugoslavia
Aleksandar otar,SCG,Serbia and Montenegro
Aleksandar otar,YUG,Yugoslavia
Aleksandar Pavlievi,YUG,Yugoslavia
Aleksandar Pavlovi,SCG,Serbia and Montenegro
Aleksandar Petrovi,YUG,Yugoslavia
Aleksandar Popovi,YUG,Yugoslavia
Aleksandar Rakovi,SCG,Serbia and Montenegro
Aleksandar Strain,YUG,Yugoslavia
Aleksandar Tasevski,YUG,Yugoslavia
Aleksandar Vasin,YUG,Yugoslavia
Aleksandar Zori,YUG,Yugoslavia
"Aleksander ""Saa"" orevi",SCG,Serbia and Montenegro
Aleksander urenski,YUG,Yugoslavia
Aleksandra Ivoev,IOA,Individual Olympic Athletes
Aleksandra Ivoev,SCG,Serbia and Montenegro
Alenka Cuderman,YUG,Yugoslavia
Alexander Poe,ISV,Virgin Islands
Alfred Browne,ANT,Antigua and Barbuda
Ali El-Kashef,UAR,United Arab Republic
Ali Mohamed Badawi Abdel Fattah Badawi,UAR,United Arab Republic
Ali Mohamed Muheeb,UAR,United Arab Republic
Ali Mohamed Sad Jaffer,YMD,South Yemen
Ali Saleh Al-Ghadi,YAR,North Yemen
Ali St. Louis,TTO,Trinidad and Tobago
Aljoa orga,YUG,Yugoslavia
Allison Pauline Peter,ISV,Virgin Islands
Allistar Clarke,SKN,Turks and Caicos Islands
Alma Butia,YUG,Yugoslavia
Alojz Bajc,YUG,Yugoslavia
Alojz Colja,YUG,Yugoslavia
Alojz Kertajn,YUG,Yugoslavia
Alojz Klannik,YUG,Yugoslavia
Alojz Lah,YUG,Yugoslavia
Alojz Petrovi,YUG,Yugoslavia
Alvaro inovi,YUG,Yugoslavia
Alvin Daniel,TTO,Trinidad and Tobago
Amalija Belaj (-Arbeiter),YUG,Yugoslavia
Amarija Petrievi,YUG,Yugoslavia
Ameerah Akao Bello,ISV,Virgin Islands
Amin Abdel Rahman,UAR,United Arab Republic
Amin El-Eswi,UAR,United Arab Republic
Andrej Klir,YUG,Yugoslavia
Andrej Koelj,YUG,Yugoslavia
Andrej Laniek,YUG,Yugoslavia
Andrej Vidmar,YUG,Yugoslavia
Andreja Leskovek (-McQuarrie),YUG,Yugoslavia
Andreja Marinkovi,SCG,Serbia and Montenegro
Andreja Smrekar,YUG,Yugoslavia
"Andrew ""Andy"" Kwan",HKG,Hong Kong
Andrew Bruce,TTO,Trinidad and Tobago
Andrew Ha Rutherford,HKG,Hong Kong
Andrew J. Service,HKG,Hong Kong
Andrew Lewis,TTO,Trinidad and Tobago
Andrew Loh,HKG,Hong Kong
Andrew McNeilly,TTO,Trinidad and Tobago
"Andrija ""Andro"" Knego",YUG,Yugoslavia
Andrija Ankovi,YUG,Yugoslavia
Andrija Delibai,SCG,Serbia and Montenegro
Andrija Geri,SCG,Serbia and Montenegro
Andrija Koji,YUG,Yugoslavia
Andrija Otenhajmer,YUG,Yugoslavia
Andrija Popovi,YUG,Yugoslavia
Andrija Zlati,SCG,Serbia and Montenegro
Anelija Arbuti (-arec),YUG,Yugoslavia
Angela Korde (-Golc),YUG,Yugoslavia
Angela Williams,TTO,Trinidad and Tobago
"Angeli ""Anka"" Goropenko (-Keran)",YUG,Yugoslavia
ani Kova,YUG,Yugoslavia
Anja Zavadlav,YUG,Yugoslavia
Anjeli dai Lohalith,ROT,Refugee Olympic Team
Anka Drini,YUG,Yugoslavia
Annemarie Munk,HKG,Hong Kong
Ante Pivevi,YUG,Yugoslavia
Ante Vri,YUG,Yugoslavia
Anthony Chuang,HKG,Hong Kong
"Anthony Frederick ""Tony"" Wilding",ANZ,Australasia
Anthony Henry,ANT,Antigua and Barbuda
Anthony Husbands,TTO,Trinidad and Tobago
Anthony Sellier,TTO,Trinidad and Tobago
Antoine Xavier Adams,SKN,Turks and Caicos Islands
"Anton ""Ante"" Josipovi",YUG,Yugoslavia
"Anton ""Tone"" Poganik",YUG,Yugoslavia
Anton Joe Gale,YUG,Yugoslavia
Anton Malej,YUG,Yugoslavia
Anton Skerritt,TTO,Trinidad and Tobago
Antonn Ehrenberger,BOH,Bohemia
"Antun ""Ante"" aneti",YUG,Yugoslavia
"Antun ""Ante"" Guberi",YUG,Yugoslavia
"Antun ""Ante"" Krnevi",YUG,Yugoslavia
"Antun ""Ante"" Miroevi",YUG,Yugoslavia
"Antun ""Ante"" rdelli",YUG,Yugoslavia
"Antun ""Ante"" Roje",YUG,Yugoslavia
"Antun ""Tone"" Cerer",YUG,Yugoslavia
"Antun ""Tone"" Hoevar",YUG,Yugoslavia
"Antun ""Toni"" Savevski",YUG,Yugoslavia
"Antun ""Tonko"" Gazzari",YUG,Yugoslavia
Antun Banek,YUG,Yugoslavia
Antun Fier (Fischer),YUG,Yugoslavia
Antun Grego,YUG,Yugoslavia
Antun Ivankovi,YUG,Yugoslavia
Antun Kropivek,YUG,Yugoslavia
Anwar Al-Harazi,YAR,North Yemen
Aranka Binder,IOA,Individual Olympic Athletes
Aranka Binder,SCG,Serbia and Montenegro
Arija Boras,YUG,Yugoslavia
arko Kneevi,YUG,Yugoslavia
arko Paspalj,SCG,Serbia and Montenegro
arko Paspalj,YUG,Yugoslavia
arko Petrovi,SCG,Serbia and Montenegro
arko Varaji,YUG,Yugoslavia
arko Veki,IOA,Individual Olympic Athletes
Arnot Nejedl,BOH,Bohemia
Arpad terbik Capar,SCG,Serbia and Montenegro
Arthur Cooper,TTO,Trinidad and Tobago
Arthur John Michael McCabe,ANZ,Australasia
"Arthur Lincoln ""Art"" Andrew",ISV,Virgin Islands
Artur Dubravi,YUG,Yugoslavia
Asete Manoa,TUV,Tuvalu
Atilije Venturini,YUG,Yugoslavia
Ato Jabari Boldon,TTO,Trinidad and Tobago
Ato Modibo-Stephens,TTO,Trinidad and Tobago
Au Sin Ying,HKG,Hong Kong
Au Woon Yiu,HKG,Hong Kong
August Bak,YUG,Yugoslavia
August Prosenik,YUG,Yugoslavia
Avgust Jakopi,YUG,Yugoslavia
Awad Saleh Ahmed,YAR,North Yemen
Ayan Alexander,TTO,Trinidad and Tobago
Ayan Hutchinson,TTO,Trinidad and Tobago
Aziz Salihu,YUG,Yugoslavia
Bajro enovi,YUG,Yugoslavia
Barbara A. Selkridge (-Abbey),ANT,Antigua and Barbuda
Bart Drechsel,AHO,Netherlands Antilles
Bedich Schejbal,BOH,Bohemia
Bedich Vygoda,BOH,Bohemia
Behudin Merdovi,YUG,Yugoslavia
Bekim Babi,YUG,Yugoslavia
Bela Juhas (Juhasz),YUG,Yugoslavia
Ben Ali,UAR,United Arab Republic
Ben Beer,ISV,Virgin Islands
"Benedict Hutchinson ""Ben"" Cayenne",TTO,Trinidad and Tobago
Benjamin Packey Gardner,HKG,Hong Kong
Berdeth Angela Prentice,SKN,Turks and Caicos Islands
Bernice Morton,SKN,Turks and Caicos Islands
Berrd Ban,YUG,Yugoslavia
Berrd Vukas,YUG,Yugoslavia
Bertram Eric Haynes,SKN,Turks and Caicos Islands
Bertram Wesley Manhin,TTO,Trinidad and Tobago
Bibija Kerla,YUG,Yugoslavia
bil Muhammad Ali Nosseir,UAR,United Arab Republic
Bilja Majstorovi,YUG,Yugoslavia
Bilja Mitrovi-Topi,SCG,Serbia and Montenegro
Bilja Petrovi (Bojovi-),YUG,Yugoslavia
Biserka Vinji,YUG,Yugoslavia
Biserka Vodenli,YUG,Yugoslavia
Biserka Vrbek,YUG,Yugoslavia
Bla Jakopi,YUG,Yugoslavia
Bla Lomovek,YUG,Yugoslavia
Blago Barbieri,YUG,Yugoslavia
Blagoja Georgievski,YUG,Yugoslavia
Blagoja Vidini,YUG,Yugoslavia
Boban Rankovi,SCG,Serbia and Montenegro
Bogdan Jakopi,YUG,Yugoslavia
Bogdan Nori,YUG,Yugoslavia
Bogdan Sirotanovi,YUG,Yugoslavia
Bogdan Toovi,YUG,Yugoslavia
"Bogomir ""Bogo"" Jan",YUG,Yugoslavia
"Bohumil ""Boris"" Honztko",BOH,Bohemia
Bohumil Kubrycht,BOH,Bohemia
Bohumil Rame,BOH,Bohemia
Bohuslav Hyk,BOH,Bohemia
Bohuslav Pohl-Polensk,BOH,Bohemia
Boidar Beravs,YUG,Yugoslavia
Boidar orevi,YUG,Yugoslavia
Boidar Stanii,YUG,Yugoslavia
Boidar urakovi,YUG,Yugoslavia
Boja Miloevi,YUG,Yugoslavia
Bojan Globonik,YUG,Yugoslavia
Bojan Kriaj,YUG,Yugoslavia
Bojan Kumar,YUG,Yugoslavia
Bojan Neziri,SCG,Serbia and Montenegro
Bojan Postrunik,YUG,Yugoslavia
Bojan Preern,YUG,Yugoslavia
Bojan Razpet,YUG,Yugoslavia
Bojan Ropret,YUG,Yugoslavia
Bojan Savnik,YUG,Yugoslavia
Bojan Udovi,YUG,Yugoslavia
Boko Lozica,YUG,Yugoslavia
Boko Marinko,YUG,Yugoslavia
Boko Vuksanovi,YUG,Yugoslavia
Boo Grkini,YUG,Yugoslavia
Boo Jemc,YUG,Yugoslavia
Boo Vuleti,YUG,Yugoslavia
Boris Beljak,YUG,Yugoslavia
Boris Dimovski,YUG,Yugoslavia
Boris Gregorka,YUG,Yugoslavia
Boris Jarak,YUG,Yugoslavia
Boris kata,YUG,Yugoslavia
Boris Klavora,YUG,Yugoslavia
Boris Kristani,YUG,Yugoslavia
Boris Raenovi,SCG,Serbia and Montenegro
Boris Raenovi,YUG,Yugoslavia
Boris Reek,YUG,Yugoslavia
Boris Reud,YUG,Yugoslavia
Boris Strel,YUG,Yugoslavia
Borislav Cvetkovi,YUG,Yugoslavia
Borislav Devi,SCG,Serbia and Montenegro
Borislav Pisi,YUG,Yugoslavia
Borislav Vujadinovi,YUG,Yugoslavia
Borivoj Vukov,YUG,Yugoslavia
"Borivoje ""Bora"" Kosti",YUG,Yugoslavia
Boro Jovi,YUG,Yugoslavia
Boro Primorac,YUG,Yugoslavia
Borut Ingoli,YUG,Yugoslavia
Borut Petri,YUG,Yugoslavia
Branden Whitehurst,ISV,Virgin Islands
Brandon Bailey,TTO,Trinidad and Tobago
Brane Benedik,YUG,Yugoslavia
Branimir Petrovi,SCG,Serbia and Montenegro
Branimir Porobi,YUG,Yugoslavia
"Branislav ""Branko"" Martinovi",YUG,Yugoslavia
"Branislav ""Branko"" Stankovi",YUG,Yugoslavia
"Branislav ""Branko"" Tretinjak",YUG,Yugoslavia
Branislav Karauli,YUG,Yugoslavia
Branislav Lor,YUG,Yugoslavia
Branislav Pokrajac,YUG,Yugoslavia
Branislav Simi,YUG,Yugoslavia
Branislav Stojanovi,SCG,Serbia and Montenegro
Branka Kuzeljevi,SCG,Serbia and Montenegro
Branko Beci,YUG,Yugoslavia
Branko Belai,YUG,Yugoslavia
Branko Dangubi,YUG,Yugoslavia
Branko Dolhar,YUG,Yugoslavia
Branko Kallay,YUG,Yugoslavia
Branko Lazarevi,SCG,Serbia and Montenegro
Branko Milju,YUG,Yugoslavia
Branko Skroe,YUG,Yugoslavia
Branko trbac,YUG,Yugoslavia
Branko Vidovi,YUG,Yugoslavia
Branko Vukievi,YUG,Yugoslavia
Branko Zebec,YUG,Yugoslavia
Branko Ziherl,YUG,Yugoslavia
Branko Zorko,YUG,Yugoslavia
Bratislav Risti,YUG,Yugoslavia
Breda Baboek (-Lorenci),YUG,Yugoslavia
Breda Pergar,YUG,Yugoslavia
Brendan Kyle Akeem Christian,ANT,Antigua and Barbuda
Brian A. Farlow,ISV,Virgin Islands
Brian John Morrissette,ISV,Virgin Islands
Brian Lyn,ANT,Antigua and Barbuda
"Brijesh Sharmari ""BJ"" Lawrence",SKN,Turks and Caicos Islands
Bruce Meredith,ISV,Virgin Islands
Bruno Buli,YUG,Yugoslavia
Caimin Christian Douglas,AHO,Netherlands Antilles
Calisto da Costa,IOA,Individual Olympic Athletes
Calvin Dallas,ISV,Virgin Islands
Calvin Greeway,ANT,Antigua and Barbuda
Camilo Pedro,HKG,Hong Kong
Candice Henrietta Scott,TTO,Trinidad and Tobago
Carl Archer,TTO,Trinidad and Tobago
Carl Plaskett,ISV,Virgin Islands
Carlo Falcone,ANT,Antigua and Barbuda
Carlos Suarez,TTO,Trinidad and Tobago
Caylee Watson,ISV,Virgin Islands
Cecil Leventhorpe McVilly,ANZ,Australasia
Cecil Patrick Healy,ANZ,Australasia
"Cee Kay ""Celeste"" Hung",HKG,Hong Kong
Cejhae Colin Greene,ANT,Antigua and Barbuda
Cerian Gibbes,TTO,Trinidad and Tobago
Chai Po Wa,HKG,Hong Kong
Chan Chi Ming,HKG,Hong Kong
Chan Chun Hing,HKG,Hong Kong
Chan Fai Lui,HKG,Hong Kong
Chan Kai Sang,HKG,Hong Kong
Chan Kam Hong,HKG,Hong Kong
Chan Kin Ngai,HKG,Hong Kong
Chan King Yin,HKG,Hong Kong
Chan Kong Wah,HKG,Hong Kong
Chan Lam Hams,HKG,Hong Kong
Chan Ming Tai,HKG,Hong Kong
Chan Sau Ying,HKG,Hong Kong
Chan Siu Kwong,HKG,Hong Kong
Chan Siu Yuk,HKG,Hong Kong
Chan Suk Yuen,HKG,Hong Kong
Chan Tan Lui,HKG,Hong Kong
Chan Ying Man,HKG,Hong Kong
Chan Yuk Wah,HKG,Hong Kong
Charles Edward Swain,ANZ,Australasia
Charles Eric Brodx,ISV,Virgin Islands
Charles Herbert McMurtrie,ANZ,Australasia
Charles Ira Fabian,ANT,Antigua and Barbuda
Charles Joseph,TTO,Trinidad and Tobago
Charles Joseph Russell,ANZ,Australasia
"Charles Morgan ""Charlie"" Shipway",ISV,Virgin Islands
Charles Rusty Holzer,ISV,Virgin Islands
"Charlotta Ingrid ""Lotta"" Flink (-Saigeon)",HKG,Hong Kong
Charmaine Ann Marie Gilgeous,ANT,Antigua and Barbuda
Charmaine Thomas,ANT,Antigua and Barbuda
Chau Hoi Wah,HKG,Hong Kong
Chavaughn Camarley Walsh,ANT,Antigua and Barbuda
"Cheng Shu Ming ""Micky""",HKG,Hong Kong
Cheryl-Ann Sankar,TTO,Trinidad and Tobago
Chesen Beattie Frey,ISV,Virgin Islands
Cheung Chak Chuen,HKG,Hong Kong
Cheung Chi Yip,HKG,Hong Kong
Cheung Kin Man,HKG,Hong Kong
Cheung King Lok,HKG,Hong Kong
Cheung Mei Han,HKG,Hong Kong
Cheung Suet Yee,HKG,Hong Kong
Cheung Yuk,HKG,Hong Kong
Chi Jia Han,HKG,Hong Kong
"Chi On ""Neutron"" Liu",HKG,Hong Kong
"Chi Wo ""Daniel"" Lee",HKG,Hong Kong
Chiang Wai Hung,HKG,Hong Kong
Chiang Wing Hung,HKG,Hong Kong
Chiffre,YUG,Yugoslavia
Chinedum Osuji,TTO,Trinidad and Tobago
Chiu Hin Chun,HKG,Hong Kong
Choi Ki Ho,HKG,Hong Kong
Chong Siao Chin,HKG,Hong Kong
Chow Kwong Choi,HKG,Hong Kong
Chow Kwong Man,HKG,Hong Kong
Chow Kwong Wing,HKG,Hong Kong
Chow Lai Yee,HKG,Hong Kong
Chow Tai Ming,HKG,Hong Kong
Chow Tsun Man,HKG,Hong Kong
Chow Tsz Ki,HKG,Hong Kong
Choy Kam Shing,HKG,Hong Kong
Choy Yiu Chung,HKG,Hong Kong
Christal O'Reilly Clashing,ANT,Antigua and Barbuda
Christian E. Brown,ISV,Virgin Islands
"Christopher ""Chris"" Rice",ISV,Virgin Islands
"Christopher Anthony ""Chris"" Brathwaite",TTO,Trinidad and Tobago
Christopher George,TTO,Trinidad and Tobago
"Christopher Hobart ""Chris"" McKivat",ANZ,Australasia
"Christopher Roland ""Chris"" Sharpless",ISV,Virgin Islands
Christy Ren,HKG,Hong Kong
Chu Ming,HKG,Hong Kong
"Chun Hei ""Regild"" Lee",HKG,Hong Kong
"Chun Leung ""Michael"" Cheng",HKG,Hong Kong
Chun Ting Wong,HKG,Hong Kong
Chung Chi Lok,HKG,Hong Kong
Churandy Thomas Marti,AHO,Netherlands Antilles
Ciril Klir,YUG,Yugoslavia
Ciril Pelhan,YUG,Yugoslavia
Ciril Praek,YUG,Yugoslavia
Claude Murray Ross,ANZ,Australasia
Cleopatra Ayesha Borel-Brown,TTO,Trinidad and Tobago
Clifton Bertrand,TTO,Trinidad and Tobago
Clifton Bertrand,WIF,West Indies Federation
Clifton Charleswell,ISV,Virgin Islands
Clive Saney,TTO,Trinidad and Tobago
Clyde R. Rimple,WIF,West Indies Federation
Colin W. Smith,HKG,Hong Kong
Collier Towning Woolard,ISV,Virgin Islands
Compton Aloysius Gonsalves,TTO,Trinidad and Tobago
Conrad Mainwaring,ANT,Antigua and Barbuda
Constantino Federico Saragoza,AHO,Netherlands Antilles
Cor van Aanholt,AHO,Netherlands Antilles
Cordell Hull Barrow,TTO,Trinidad and Tobago
Cowin Mills,TTO,Trinidad and Tobago
Curtis Harry,TTO,Trinidad and Tobago
Cuthbert E. Jacobs,ANT,Antigua and Barbuda
Cveta Dekleva,YUG,Yugoslavia
Cveto Pavi,YUG,Yugoslavia
Cveto Pretr,YUG,Yugoslavia
Cvijan Miloevi,YUG,Yugoslavia
Cvitko Bili,YUG,Yugoslavia
Cy Thompson,ISV,Virgin Islands
da Birko Kustec,YUG,Yugoslavia
da Kotluek,YUG,Yugoslavia
da Spasi,YUG,Yugoslavia
Daja Karajica,YUG,Yugoslavia
Dako Radoevi,YUG,Yugoslavia
Dale Anthony Jones,ANT,Antigua and Barbuda
Dalibor uri,SCG,Serbia and Montenegro
Damion Ian Kenton Barry,TTO,Trinidad and Tobago
Damir Ani,YUG,Yugoslavia
Damir karo,YUG,Yugoslavia
Damir olman,YUG,Yugoslavia
Damir Poli,YUG,Yugoslavia
Damjan Prelovek,YUG,Yugoslavia
Danial Jahi,SCG,Serbia and Montenegro
Danial Temim,YUG,Yugoslavia
"Daniel ""Dan"" Morrison",ISV,Virgin Islands
"Daniel Brendon ""Dan"" Carroll",ANZ,Australasia
Daniel Burgner,ISV,Virgin Islands
Daniel Everton Bailey,ANT,Antigua and Barbuda
Daniel Francisco Castro,HKG,Hong Kong
Daniel Krnevi,YUG,Yugoslavia
"Danijel ""Dane"" Korica",YUG,Yugoslavia
"Danijel ""Danko"" Premerl",YUG,Yugoslavia
Danijel Vrhovek,YUG,Yugoslavia
Danijela Simi,YUG,Yugoslavia
Danilo erjal (-Cereali),YUG,Yugoslavia
Danilo Ikodinovi,SCG,Serbia and Montenegro
Danilo Pudgar,YUG,Yugoslavia
Danira ki (-Bili),YUG,Yugoslavia
Danko Cvjetianin,YUG,Yugoslavia
Danko Mandi,YUG,Yugoslavia
Dano Panti,IOA,Individual Olympic Athletes
Dara Terzi (-Steri),YUG,Yugoslavia
Darija Alauf,IOA,Individual Olympic Athletes
Dario Varga,YUG,Yugoslavia
Dario Vidoevi,YUG,Yugoslavia
Darjan Petri,YUG,Yugoslavia
Darko Duki,YUG,Yugoslavia
Darko Majstorovi,YUG,Yugoslavia
Darko Niavi,YUG,Yugoslavia
Darko Radomirovi,SCG,Serbia and Montenegro
Darko Zibar,YUG,Yugoslavia
Darrel Rondel Brown,TTO,Trinidad and Tobago
Daryl Joseph,ANT,Antigua and Barbuda
David Entwistle,ISV,Virgin Islands
David Farfan,TTO,Trinidad and Tobago
David Jones,ISV,Virgin Islands
David Kelly,ISV,Virgin Islands
David Slva,BOH,Bohemia
Davor Jelaska,YUG,Yugoslavia
Davor Jozi,YUG,Yugoslavia
Davor tefanek,SCG,Serbia and Montenegro
Davor uker,YUG,Yugoslavia
Davorin Martino Marelja,YUG,Yugoslavia
Debra Ann O'Connor,TTO,Trinidad and Tobago
Dejan Bodiroga,SCG,Serbia and Montenegro
Dejan Brovi,SCG,Serbia and Montenegro
Dejan Burnik,YUG,Yugoslavia
Dejan Dabovi,YUG,Yugoslavia
Dejan Jovkovi,IOA,Individual Olympic Athletes
Dejan Marovi,YUG,Yugoslavia
Dejan Milovanovi,SCG,Serbia and Montenegro
Dejan Peri,SCG,Serbia and Montenegro
Dejan Savi,SCG,Serbia and Montenegro
Dejan Tomaevi,SCG,Serbia and Montenegro
Demetrij ebre,YUG,Yugoslavia
Deni Lui,YUG,Yugoslavia
Denis Claude Cunningham,HKG,Hong Kong
Denis efik,SCG,Serbia and Montenegro
Dennis Osric Johnson,WIF,West Indies Federation
Deon Christopher Lendore,TTO,Trinidad and Tobago
Derek Archer,TTO,Trinidad and Tobago
Derry Pemberton,ISV,Virgin Islands
Desai Wynter,ISV,Virgin Islands
Desanka Peut,YUG,Yugoslavia
Desanka Stojanovi,YUG,Yugoslavia
Devad eerbegovi,YUG,Yugoslavia
Dexter Benedict St. Louis,TTO,Trinidad and Tobago
Diane Gale Francis (Dunrod-),SKN,Turks and Caicos Islands
Diao Xiao Juan,HKG,Hong Kong
Dih Susie Browne,ISV,Virgin Islands
Dimitrije Merzlikin,YUG,Yugoslavia
Dimitrije Stefanovi,YUG,Yugoslavia
Dine Potter,ANT,Antigua and Barbuda
Dino Raa,YUG,Yugoslavia
Dobrosav Krsti,YUG,Yugoslavia
"Dold ""Don"" Smith",TTO,Trinidad and Tobago
Dold Christian,ANT,Antigua and Barbuda
Dorri Abdel Kader Said,UAR,United Arab Republic
"Douglas ""Doug"" Graham",ISV,Virgin Islands
Douglas Moody Mast,ISV,Virgin Islands
Draen Dalipagi,YUG,Yugoslavia
Draen Petrovi,YUG,Yugoslavia
Draga orevi,YUG,Yugoslavia
Draga Pei (-Vuji),YUG,Yugoslavia
Draga Stameji (-Pokovec),YUG,Yugoslavia
Draga Tomaevi,SCG,Serbia and Montenegro
Dragan Andri,YUG,Yugoslavia
Dragan Boltar,YUG,Yugoslavia
Dragan Daji,YUG,Yugoslavia
Dragan Desani,YUG,Yugoslavia
Dragan Gagi,YUG,Yugoslavia
Dragan Kapii,YUG,Yugoslavia
Dragan Kianovi,YUG,Yugoslavia
Dragan Kovai,YUG,Yugoslavia
Dragan krbi,SCG,Serbia and Montenegro
Dragan Lukovski,SCG,Serbia and Montenegro
Dragan Mladenovi,YUG,Yugoslavia
Dragan Obradovi,YUG,Yugoslavia
Dragan Panteli,YUG,Yugoslavia
Dragan Peri,IOA,Individual Olympic Athletes
Dragan Peri,SCG,Serbia and Montenegro
Dragan Stojkovi,YUG,Yugoslavia
Dragan Tarla,SCG,Serbia and Montenegro
Dragan Zdravkovi,YUG,Yugoslavia
Dragan Zori,SCG,Serbia and Montenegro
Dragia Jovanovi,YUG,Yugoslavia
Dragica Basleti,YUG,Yugoslavia
Dragica uri,YUG,Yugoslavia
Draginja ipalovi,YUG,Yugoslavia
Drago Horvat,YUG,Yugoslavia
Drago Jovovi,YUG,Yugoslavia
Drago Mlirec,YUG,Yugoslavia
Drago otari,YUG,Yugoslavia
Drago Pudgar,YUG,Yugoslavia
Dragoje Lekovi,YUG,Yugoslavia
Dragoljub Brnovi,YUG,Yugoslavia
Dragoljub Radulovi,SCG,Serbia and Montenegro
"Dragomir ""Dragan"" Vujkovi",YUG,Yugoslavia
"Dragomir ""Drago"" Beanovi",YUG,Yugoslavia
"Dragomir ""Drago"" Matulaj",YUG,Yugoslavia
Dragomir Kusmuk,YUG,Yugoslavia
Dragoslav ekularac,YUG,Yugoslavia
Dragoslav Jakovljevi,YUG,Yugoslavia
Dragoslav Ratovi,YUG,Yugoslavia
"Dragutin ""Drago"" Ciotti",YUG,Yugoslavia
"Dragutin ""Drago"" Husjak",YUG,Yugoslavia
"Dragutin ""Drago"" Jeli",YUG,Yugoslavia
"Dragutin ""Drago"" tritof",YUG,Yugoslavia
Dragutin Babi,YUG,Yugoslavia
Dragutin ermak,YUG,Yugoslavia
Dragutin Petroveki,YUG,Yugoslavia
Dragutin Topi,IOA,Individual Olympic Athletes
Dragutin Topi,SCG,Serbia and Montenegro
Dragutin Vragovi,YUG,Yugoslavia
Dragutin Vruka,YUG,Yugoslavia
Drako Vilfan,YUG,Yugoslavia
"Duan ""Duko"" Milinkovi",YUG,Yugoslavia
Duan Antunovi,YUG,Yugoslavia
Duan Dragojevi,YUG,Yugoslavia
Duan Epifani,YUG,Yugoslavia
Duan Filipovi,YUG,Yugoslavia
Duan Furlan,YUG,Yugoslavia
Duan Janiijevi,YUG,Yugoslavia
Duan Kovaevi,YUG,Yugoslavia
Duan Maravi,YUG,Yugoslavia
Duan Mavec,YUG,Yugoslavia
Duan Mirkovi,YUG,Yugoslavia
Duan Pei,YUG,Yugoslavia
Duan Petkovi,YUG,Yugoslavia
Duan Popeskov,IOA,Individual Olympic Athletes
Duan Puh,YUG,Yugoslavia
Duan Tuma,YUG,Yugoslavia
Duan urii,YUG,Yugoslavia
Duan Vemi,SCG,Serbia and Montenegro
Duan Vujai,YUG,Yugoslavia
Duan Zija,YUG,Yugoslavia
Dubravka Vukui,YUG,Yugoslavia
Dubravko imenc,YUG,Yugoslavia
Dubravko Matakovi,YUG,Yugoslavia
Dudley den Dulk,AHO,Netherlands Antilles
Duica Radivojevi,YUG,Yugoslavia
"Dujam ""Duje"" Krstulovi",YUG,Yugoslavia
Duje Boi,YUG,Yugoslavia
Duka Radan,SCG,Serbia and Montenegro
Duko Mrdulja,YUG,Yugoslavia
Duko orevi,YUG,Yugoslavia
Duncan James U. Todd,HKG,Hong Kong
Dylan Carter,TTO,Trinidad and Tobago
Earl Liburd,ISV,Virgin Islands
Eddie Jermoni Lovett,ISV,Virgin Islands
Edin Terzi,YUG,Yugoslavia
Edmund Albert Turton,TTO,Trinidad and Tobago
"Edmundo Th. ""Eddy"" Vlinder",AHO,Netherlands Antilles
edo Nikolovski,YUG,Yugoslavia
Eduard Hafner,YUG,Yugoslavia
"Eduard Peter Nicolaas ""Eddy"" Stibbe",AHO,Netherlands Antilles
"Eduardo ""Bto"" Adria",AHO,Netherlands Antilles
"Edvard ""Ede"" Maar",YUG,Yugoslavia
"Edvard ""Edo"" Marion",YUG,Yugoslavia
Edvard Antonijevi,YUG,Yugoslavia
Edvard Delorenco,YUG,Yugoslavia
Edward J. L. Cooke,ANZ,Australasia
Edwin Anthony Roberts,TTO,Trinidad and Tobago
Edwin Joseph Skinner,TTO,Trinidad and Tobago
Edwin Noel,TTO,Trinidad and Tobago
Ehab Fuad Ahmed gi,YMD,South Yemen
El-Sayed Mohamed Rifai,UAR,United Arab Republic
Eleonora Vild (-okovi),YUG,Yugoslavia
Eli James M. Fuller,ANT,Antigua and Barbuda
"elimir ""eljko"" Obradovi",YUG,Yugoslavia
elimir Vukovi,SCG,Serbia and Montenegro
"Elisabeth Maria ""Bep"" de Waard",AHO,Netherlands Antilles
Elisha Hughes,ANT,Antigua and Barbuda
Elizabeta Pavlovska,IOA,Individual Olympic Athletes
eljka imeija,YUG,Yugoslavia
"eljko ""Zelly"" Rebraa",SCG,Serbia and Montenegro
eljko ajkovski,YUG,Yugoslavia
eljko Jerkov,YUG,Yugoslavia
eljko Kpi,YUG,Yugoslavia
eljko Matu,YUG,Yugoslavia
eljko Mavrovi,YUG,Yugoslavia
eljko Nim,YUG,Yugoslavia
eljko Perui,YUG,Yugoslavia
eljko Taskovi,SCG,Serbia and Montenegro
eljko Trajkovi,IOA,Individual Olympic Athletes
Ellsworth Manuel,AHO,Netherlands Antilles
Elricia Patricia Francis,SKN,Turks and Caicos Islands
Elroy Turner,ANT,Antigua and Barbuda
Elvira Pani,SCG,Serbia and Montenegro
Elwi Gazi,UAR,United Arab Republic
"Emanuel ""Elko"" Mrdulja",YUG,Yugoslavia
"Emanuel ""Emil"" Gorek",YUG,Yugoslavia
Emil nidar,YUG,Yugoslavia
Emil Perka,YUG,Yugoslavia
Emilija Eri,YUG,Yugoslavia
Emille Kitnurse,ISV,Virgin Islands
Emir Mutapi,YUG,Yugoslavia
Emmanuel Earl Callender,TTO,Trinidad and Tobago
Enis Beirbegovi,YUG,Yugoslavia
Enver Koso,YUG,Yugoslavia
Epaminos Anezakis,CRT,Crete
Er Havelka (-Raenovi),YUG,Yugoslavia
Ergilio Pedro Hato,AHO,Netherlands Antilles
Eric Lockyear,HKG,Hong Kong
Eric Zucker,ISV,Virgin Islands
Erik Rosskopf,ISV,Virgin Islands
Ermin Veli,YUG,Yugoslavia
Ernest Henry Hutcheon,ANZ,Australasia
Ernest Mathias,ISV,Virgin Islands
Errol Aguilera,TTO,Trinidad and Tobago
Esther Croes,AHO,Netherlands Antilles
Esther Hope-Washington,TTO,Trinidad and Tobago
Eszter Poljak,IOA,Individual Olympic Athletes
Eszter Poljak,YUG,Yugoslavia
Etimoni Timuani,TUV,Tuvalu
"Eugen ""Emil"" Plazzeriano",YUG,Yugoslavia
Eugen Dasovi,YUG,Yugoslavia
Eugen Jakobi,YUG,Yugoslavia
Eugen Pleko,YUG,Yugoslavia
"Eugene ""Gene"" Samuel",TTO,Trinidad and Tobago
Euric Allan Bobb,TTO,Trinidad and Tobago
Evangelos Volakis,CRT,Crete
Evelyn Farrell,AHO,Netherlands Antilles
Evert Johan Kroon,AHO,Netherlands Antilles
Everton Cornelius,ANT,Antigua and Barbuda
F. Kroly,YUG,Yugoslavia
Fa Ashby,TTO,Trinidad and Tobago
Fahmi Ahmed Abdul Wahab Al-Tahri,YAR,North Yemen
Fahrudin Jusufi,YUG,Yugoslavia
Farid El-Ashmawi,UAR,United Arab Republic
Farid Khan,HKG,Hong Kong
Farouk Ahmed Sayed,YMD,South Yemen
Fathi Ali Khorshid,UAR,United Arab Republic
Fawzi Rasmy,UAR,United Arab Republic
Faye Sultan Hussain,IOA,Individual Olympic Athletes
Fazlija airovi,YUG,Yugoslavia
Fehaid Al-Deehani,IOA,Individual Olympic Athletes
Felice Chow,TTO,Trinidad and Tobago
Felix varro,ISV,Virgin Islands
Ferenc aba,YUG,Yugoslavia
Filip Boi,YUG,Yugoslavia
Filip Filipi,SCG,Serbia and Montenegro
Filip Leak,YUG,Yugoslavia
Fitzroy Hoyte,TTO,Trinidad and Tobago
Flora Hofman,YUG,Yugoslavia
Flora J. Hyacinth,ISV,Virgin Islands
Florencia Hunt,AHO,Netherlands Antilles
Fok Ming Shan,HKG,Hong Kong
Fong Yee Pui,HKG,Hong Kong
Fortuto Theodoro Rij,AHO,Netherlands Antilles
"Franc ""Franjo"" Gartner",YUG,Yugoslavia
Franc Cvenkelj,YUG,Yugoslavia
Franc ervan,YUG,Yugoslavia
Franc Hafner,YUG,Yugoslavia
Franc itnik,YUG,Yugoslavia
Franc kerlj,YUG,Yugoslavia
Franc Oko,YUG,Yugoslavia
Franc Palme,YUG,Yugoslavia
Franc Peternel,YUG,Yugoslavia
Franc Podlesek,YUG,Yugoslavia
Franc Priboek,YUG,Yugoslavia
Franc Smolej,YUG,Yugoslavia
"Franc-Rado ""Franc"" Razinger",YUG,Yugoslavia
Franci bontar,YUG,Yugoslavia
Franci op,YUG,Yugoslavia
"Francis ""Frank"" Adams",TTO,Trinidad and Tobago
"Francis Bede ""Frank"" Smith",ANZ,Australasia
"Francis Joseph Edmund ""Frank"" De Beaurepaire",ANZ,Australasia
"Francisco Xavier ""Sonny"" Monteiro",HKG,Hong Kong
Frane Cota,YUG,Yugoslavia
"Franjo ""Frane"" Nonkovi",YUG,Yugoslavia
"Franjo ""Joa"" Giler (Giller)",YUG,Yugoslavia
"Franjo ""Luka"" krinjar",YUG,Yugoslavia
"Franjo ""Luka"" Predani",YUG,Yugoslavia
Franjo Arapovi,YUG,Yugoslavia
Franjo Frelih (Frhlich),YUG,Yugoslavia
Franjo Jakovac,YUG,Yugoslavia
Franjo Jurjevi,YUG,Yugoslavia
Franjo Krajcar (-Kreutzer),YUG,Yugoslavia
Franjo Mihali,YUG,Yugoslavia
Franjo Neidhardt,YUG,Yugoslavia
Franjo otari,YUG,Yugoslavia
Franjo Palkovi,YUG,Yugoslavia
Franjo Velfl (Wlfl),YUG,Yugoslavia
Frank Esdale Schryver,ANZ,Australasia
Frank Walter Springfield,ANZ,Australasia
Franklin Blyden,ISV,Virgin Islands
Frantiek Duek,BOH,Bohemia
Frantiek Erben,BOH,Bohemia
Frantiek Hirsch,BOH,Bohemia
Frantiek Janda-Suk,BOH,Bohemia
Frantiek K,BOH,Bohemia
Frantiek Kopiva,BOH,Bohemia
Frantiek Kundert,BOH,Bohemia
Frantiek Slavk,BOH,Bohemia
Frantiek Souek,BOH,Bohemia
"Frederic Samuel ""Eric"" McCosh",HKG,Hong Kong
"Frederick Oliver Newgent ""Fred"" Sowerby",ANT,Antigua and Barbuda
"Frederik ""Fric"" Detiek",YUG,Yugoslavia
Fritz Eccard,UNK,Unknown
"Fu ""Harberth"" Wing",HKG,Hong Kong
Fung Yik,HKG,Hong Kong
Gabuh bin Piging,NBO,North Borneo
Gail Emmanuel,TTO,Trinidad and Tobago
Gamal El-Din Mursi Sa'id Al-Haress,UAR,United Arab Republic
Gamal El-zer,UAR,United Arab Republic
"Gar Loc ""Fenella"" Ng",HKG,Hong Kong
Geard Ajetovi,SCG,Serbia and Montenegro
Geoffrey Ferreira,TTO,Trinidad and Tobago
Geoffrey Robin Cheah,HKG,Hong Kong
George Berrd Blake,ANZ,Australasia
George Calhern,ISV,Virgin Islands
George Ezekiel Kerr,WIF,West Indies Federation
George Gleason,ISV,Virgin Islands
"George Gregory Sebastian ""Georgie"" Lewis",TTO,Trinidad and Tobago
George Neville Hill,ANZ,Australasia
George Richard Lycott Bovell,TTO,Trinidad and Tobago
George Simon,TTO,Trinidad and Tobago
George Swanston,TTO,Trinidad and Tobago
Gerald Bird,WIF,West Indies Federation
"Gerard E. ""Gary"" Berne",ISV,Virgin Islands
Geronimo Goeloe,AHO,Netherlands Antilles
Geza ifli,YUG,Yugoslavia
Geza Tumbas,YUG,Yugoslavia
"Giansandro ""Sandro"" Rudan",YUG,Yugoslavia
Gigi M. Hewitt (-Daners),ISV,Virgin Islands
Gilbert Lennox-King,HKG,Hong Kong
Gilberto Willmount Brown,ISV,Virgin Islands
Gillian Forde,TTO,Trinidad and Tobago
Giuseppe Gjergja,YUG,Yugoslavia
Gizela Farka,YUG,Yugoslavia
Gojko Arneri,YUG,Yugoslavia
Goran imun Ivanievi,YUG,Yugoslavia
Goran Kasum,IOA,Individual Olympic Athletes
Goran Kasum,SCG,Serbia and Montenegro
Goran Kasum,YUG,Yugoslavia
Goran Lovre,SCG,Serbia and Montenegro
Goran Maksimovi,IOA,Individual Olympic Athletes
Goran Maksimovi,SCG,Serbia and Montenegro
Goran Maksimovi,YUG,Yugoslavia
Goran Nedeljkovi,SCG,Serbia and Montenegro
Goran Neri,YUG,Yugoslavia
Goran Perkovac,YUG,Yugoslavia
Goran Raenovi,YUG,Yugoslavia
Goran Srbinovski,YUG,Yugoslavia
Goran Sukno,YUG,Yugoslavia
Goran ukanovi,SCG,Serbia and Montenegro
Goran uvela,YUG,Yugoslavia
Goran Vujevi,SCG,Serbia and Montenegro
Gorazd Hiti,YUG,Yugoslavia
Gorda Perkuin,IOA,Individual Olympic Athletes
Gorda Perkuin,YUG,Yugoslavia
Grantley Sobers,WIF,West Indies Federation
Grega Benedik,YUG,Yugoslavia
Gregory Sun,TTO,Trinidad and Tobago
Guillermo Bruno Victorino Giribaldi,AHO,Netherlands Antilles
Guillermo Grigorio Krips,AHO,Netherlands Antilles
Guor Marial (-Mading Miaker),IOA,Individual Olympic Athletes
Han Yue Shuang,HKG,Hong Kong
Hanh Jane Arnett Wilson,HKG,Hong Kong
Hans Foerster,ISV,Virgin Islands
Hans Mohr,YUG,Yugoslavia
Hans Reiter,ISV,Virgin Islands
Harm Singh Grewal,HKG,Hong Kong
Harold Fredericks,ISV,Virgin Islands
Harold Hampton Hardwick,ANZ,Australasia
Harrell Judson Woolard,ISV,Virgin Islands
Harry Ross-Soden,ANZ,Australasia
Harvey Noble Hook,ISV,Virgin Islands
Harvey Vincent Sutton,ANZ,Australasia
Hasely Joachim Crawford,TTO,Trinidad and Tobago
Hassan Moaffi,UAR,United Arab Republic
Heather Barbara Samuel,ANT,Antigua and Barbuda
Hector Publio Curiel,AHO,Netherlands Antilles
"Hedwiga Rosenbaumov (Austerlitz-, -Raabe)",BOH,Bohemia
"Hei Man ""Hayley Victoria"" Chan",HKG,Hong Kong
Heidi Anne Lehrer,ANT,Antigua and Barbuda
"Henry ""Hank"" Klein",ISV,Virgin Islands
Henry Anthony Souza,HKG,Hong Kong
"Henry Denis ""Harry"" Hauenstein",ANZ,Australasia
"Henry Edward ""Harry"" Kerr",ANZ,Australasia
Henry St. Aubyn Murray,ANZ,Australasia
Hilton Woods,AHO,Netherlands Antilles
"Hiu Wai ""Sherry"" Tsai",HKG,Hong Kong
"Hiu Ying ""Angel"" Wong",HKG,Hong Kong
Ho Chi Ho,HKG,Hong Kong
Ho Chung Kin,HKG,Hong Kong
Ho Kim Fai,HKG,Hong Kong
Ho Kwan Lung,HKG,Hong Kong
"Ho Tsun ""Andy"" Leung",HKG,Hong Kong
Hoi Kem Doo,HKG,Hong Kong
"Hoi Shun ""Stephanie"" Au",HKG,Hong Kong
Hoo Kam Chiu,HKG,Hong Kong
Horace Clyde Tuitt,TTO,Trinidad and Tobago
Hosni Mohamed Abbas,UAR,United Arab Republic
Howard Andrew Lindsay,ANT,Antigua and Barbuda
Howard Xavier Hinds,AHO,Netherlands Antilles
Hrvoje Bari,YUG,Yugoslavia
Hrvoje Fiuleto,YUG,Yugoslavia
Hrvoje Horvat,YUG,Yugoslavia
Hrvoje Kai,YUG,Yugoslavia
Hu Yun,HKG,Hong Kong
Hubert Hajm (Heim),YUG,Yugoslavia
Hugh Homer,TTO,Trinidad and Tobago
Hugh Kingsley Ward,ANZ,Australasia
Hugo Gittens,TTO,Trinidad and Tobago
Hui Chak Bor,HKG,Hong Kong
Hui Cheong,HKG,Hong Kong
Hui So Hung,HKG,Hong Kong
Hung Chung Yam,HKG,Hong Kong
Hussam El-Badrawi,UAR,United Arab Republic
Hylton Mitchell,TTO,Trinidad and Tobago
Ian Morris,TTO,Trinidad and Tobago
Ibrahim Abdel Rahman,UAR,United Arab Republic
Ibrahim Biogradli,YUG,Yugoslavia
Ibrahim Mahmoud,UAR,United Arab Republic
Igc Kavec,YUG,Yugoslavia
Igor Bereti,SCG,Serbia and Montenegro
Igor Beribak,YUG,Yugoslavia
Igor Butulija,SCG,Serbia and Montenegro
Igor Erharti,SCG,Serbia and Montenegro
Igor Goanin,YUG,Yugoslavia
Igor Kovai,SCG,Serbia and Montenegro
Igor Latinovi,YUG,Yugoslavia
Igor Majcen,YUG,Yugoslavia
Igor Mati,SCG,Serbia and Montenegro
Igor Milanovi,SCG,Serbia and Montenegro
Igor Milanovi,YUG,Yugoslavia
Igor Peter Klemenc,YUG,Yugoslavia
Igor piri,YUG,Yugoslavia
Igor Radin,YUG,Yugoslavia
Igor Rakoevi,SCG,Serbia and Montenegro
Igor Vuurovi,SCG,Serbia and Montenegro
ikica Milosavljevi,SCG,Serbia and Montenegro
Ilija Lupulesku,IOA,Individual Olympic Athletes
Ilija Lupulesku,SCG,Serbia and Montenegro
Ilija Lupulesku,YUG,Yugoslavia
Ilija Nii,YUG,Yugoslavia
ime Bujas,YUG,Yugoslavia
Inigo Ross,ANT,Antigua and Barbuda
Ip Pui Yi,HKG,Hong Kong
Irene Anita Kam Ngor Kwok,HKG,Hong Kong
Irfan Smajlagi,YUG,Yugoslavia
iril Ban,YUG,Yugoslavia
Ismail Abdallah,UAR,United Arab Republic
Ismail Maev,YUG,Yugoslavia
Ismar Biogradli,YUG,Yugoslavia
Itvan Semeredi,YUG,Yugoslavia
"Ivan ""Ivica"" Barbari",YUG,Yugoslavia
"Ivan ""Ivica"" Bek",YUG,Yugoslavia
"Ivan ""Ivica"" Frgi",YUG,Yugoslavia
"Ivan ""Ivica"" Horvat",YUG,Yugoslavia
"Ivan ""Ivica"" Jeli",YUG,Yugoslavia
"Ivan ""Ivica"" Osim",YUG,Yugoslavia
"Ivan ""Ivo"" Aranin",YUG,Yugoslavia
"Ivan ""Ivo"" Ratej",YUG,Yugoslavia
"Ivan ""Janko"" Puhar",YUG,Yugoslavia
"Ivan ""Vanja"" Ili",YUG,Yugoslavia
"Ivan A. ""Ivo"" Paveli",YUG,Yugoslavia
Ivan abjan,YUG,Yugoslavia
Ivan aklec,YUG,Yugoslavia
Ivan antek,YUG,Yugoslavia
Ivan ap,YUG,Yugoslavia
Ivan David,ISV,Virgin Islands
Ivan Granec,YUG,Yugoslavia
Ivan Gubijan,YUG,Yugoslavia
Ivan Gudelj,YUG,Yugoslavia
Ivan Ili,SCG,Serbia and Montenegro
Ivan Ivani,YUG,Yugoslavia
Ivan Krevs,YUG,Yugoslavia
Ivan Lapevi,SCG,Serbia and Montenegro
Ivan Levai,YUG,Yugoslavia
Ivan Miljkovi,SCG,Serbia and Montenegro
Ivan Ohmut,YUG,Yugoslavia
Ivan Pudar,YUG,Yugoslavia
Ivan Smiljani,SCG,Serbia and Montenegro
"Ivan Stevan ""Vane"" Ivanovi",YUG,Yugoslavia
Ivan Stevi,SCG,Serbia and Montenegro
Ivan Sura,YUG,Yugoslavia
Ivan Telesmani,YUG,Yugoslavia
Ivan Todorov,YUG,Yugoslavia
Ivan urkovi,YUG,Yugoslavia
Ivan Valant,YUG,Yugoslavia
Ivan Vidmajer,YUG,Yugoslavia
Ivan Vladimir Maurani,YUG,Yugoslavia
Ivan Zajec,YUG,Yugoslavia
"Ivica ""Ivo"" Cipci",YUG,Yugoslavia
"Ivica ""Ivo"" Kurtini",YUG,Yugoslavia
Ivica Hmjelovac,YUG,Yugoslavia
Ivica Jeli,YUG,Yugoslavia
Ivka Tavar,YUG,Yugoslavia
Ivo arman,YUG,Yugoslavia
Ivo Buratovi,YUG,Yugoslavia
Ivo Daneu,YUG,Yugoslavia
Ivo Fabris,YUG,Yugoslavia
Ivo Jan,YUG,Yugoslavia
Ivo Lipanovi,YUG,Yugoslavia
Ivo ovaneli (Giovanelli),YUG,Yugoslavia
Ivo takula,YUG,Yugoslavia
Ivo Trumbi,YUG,Yugoslavia
Ivo Zupan,YUG,Yugoslavia
Ivonne Witteveen Kistemaker,AHO,Netherlands Antilles
ivorad Jevti,YUG,Yugoslavia
"Izidor ""Iso"" Milovanev",YUG,Yugoslavia
Iztok Puc,YUG,Yugoslavia
Ja Mlakar,YUG,Yugoslavia
Jacey Harper,TTO,Trinidad and Tobago
Jacob D. Lehrer,ANT,Antigua and Barbuda
Jacobo Garcia,ISV,Virgin Islands
Jadran Barut,YUG,Yugoslavia
Jadran Radovi,YUG,Yugoslavia
Jaime Antonio Felipa,AHO,Netherlands Antilles
Jakob ubelj,YUG,Yugoslavia
Jakov Labura,YUG,Yugoslavia
"James ""Jimmy"" Flemming",ISV,Virgin Islands
James Browne,ANT,Antigua and Barbuda
"James Edward ""Jim"" Wedderburn",WIF,West Indies Federation
James Emanuel Johan Willem Sharpe,AHO,Netherlands Antilles
"James Lancefield ""Jim"" Kerr",ISV,Virgin Islands
James Nyang Chiengjiek,ROT,Refugee Olympic Team
James R. Kreglo,ISV,Virgin Islands
"James Scott ""Jimmy"" Diaz",ISV,Virgin Islands
James Theophilus Grayman,ANT,Antigua and Barbuda
James Withey,ISV,Virgin Islands
Jan Adolf Boutmy Prins,AHO,Netherlands Antilles
Jan Balej,BOH,Bohemia
Jan D. Boersma,AHO,Netherlands Antilles
Jan ourek,BOH,Bohemia
Jan Vokoun,BOH,Bohemia
"Jane ""Janko"" tefe",YUG,Yugoslavia
Jane Krir,YUG,Yugoslavia
Jane Pleterek,YUG,Yugoslavia
Janeil Bellille,TTO,Trinidad and Tobago
Janez Albreht,YUG,Yugoslavia
Janez Andrijai,YUG,Yugoslavia
Janez Brodnik,YUG,Yugoslavia
Janez Demar,YUG,Yugoslavia
Janez Goriek,YUG,Yugoslavia
Janez Gorjanc,YUG,Yugoslavia
Janez Grbelja,YUG,Yugoslavia
Janez irovnik,YUG,Yugoslavia
Janez Kocmur,YUG,Yugoslavia
Janez Lampi,YUG,Yugoslavia
Janez Mlakar,YUG,Yugoslavia
Janez Mlir,YUG,Yugoslavia
Janez Pavi,YUG,Yugoslavia
Janez Peta,YUG,Yugoslavia
Janez Pintar,YUG,Yugoslavia
Janez Polda,YUG,Yugoslavia
Janez Porenta,YUG,Yugoslavia
Janez Pristov,YUG,Yugoslavia
Janez Puterle,YUG,Yugoslavia
Janez Zakotnik,YUG,Yugoslavia
Janez Zibler,YUG,Yugoslavia
Janice Berrd,TTO,Trinidad and Tobago
Janko Ja,YUG,Yugoslavia
Janko Kobentar,YUG,Yugoslavia
Janko Kosmi,YUG,Yugoslavia
Janko Meik,YUG,Yugoslavia
Janko Rodin,YUG,Yugoslavia
Jano Hegedi,YUG,Yugoslavia
Jared Jarvis,ANT,Antigua and Barbuda
Jaromr Zeman,BOH,Bohemia
Jaroslav emla,BOH,Bohemia
Jaroslav Hainz,BOH,Bohemia
Jaroslav ifer,YUG,Yugoslavia
Jaroslav Just,BOH,Bohemia
Jaroslav Tfa,BOH,Bohemia
Jaroslav Tuek (ourek),BOH,Bohemia
Jarrin Solomon,TTO,Trinidad and Tobago
Jas ekari (Brajkovi-),IOA,Individual Olympic Athletes
Jas ekari (Brajkovi-),SCG,Serbia and Montenegro
Jas ekari (Brajkovi-),YUG,Yugoslavia
"Jas Fazli-Reed (-Lupulesku-, -Rather)",IOA,Individual Olympic Athletes
"Jas Fazli-Reed (-Lupulesku-, -Rather)",YUG,Yugoslavia
Jas Kolar-Merdan,YUG,Yugoslavia
Jas Ptujec,YUG,Yugoslavia
Jasmi Perazi (-Gipe),YUG,Yugoslavia
Jasmin Mrkonja,YUG,Yugoslavia
Jasmine Jade Ariel Lyons Campbell,ISV,Virgin Islands
"Jason ""Jaa"" Bakov",YUG,Yugoslavia
Jason Aliston Rogers,SKN,Turks and Caicos Islands
Jean Alphonse Braure,ISV,Virgin Islands
Jean-Marc Holder,TTO,Trinidad and Tobago
Jeanne Yvette Lopes,AHO,Netherlands Antilles
"Jeffrey ""Jeff"" Jackson",ISV,Virgin Islands
"Jeffrey C. ""Jeff"" Kromenhoek",ISV,Virgin Islands
Jehue Gordon,TTO,Trinidad and Tobago
Jele Jankovi,SCG,Serbia and Montenegro
Jele Lolovi,SCG,Serbia and Montenegro
Jele Stanisavljevi,SCG,Serbia and Montenegro
Jelica Komnenovi,YUG,Yugoslavia
Jelica Pavlii (-tefani),YUG,Yugoslavia
Jelica Stanojevi,YUG,Yugoslavia
Jerko Buli,YUG,Yugoslavia
Ji Kodl,BOH,Bohemia
Jiang Huajun,HKG,Hong Kong
Jiang Tianyi,HKG,Hong Kong
Jilma Patrick,ISV,Virgin Islands
"Jin Mong ""Matthew"" Kwok",HKG,Hong Kong
Jindich Jirsk,BOH,Bohemia
Joa Lovec,YUG,Yugoslavia
"Joaquin Jos ""Jock"" Collaquo, Jr.",HKG,Hong Kong
Jocelyn Joseph,ANT,Antigua and Barbuda
Jodie Lawaetz (-Mays),ISV,Virgin Islands
Joe Berc,YUG,Yugoslavia
Joe Bertoncelj,YUG,Yugoslavia
Joe Brodnik,YUG,Yugoslavia
Joe Gazvoda,YUG,Yugoslavia
Joe Ilija,YUG,Yugoslavia
Joe Klemeni,YUG,Yugoslavia
Joe Knific,YUG,Yugoslavia
Joe Kolman,YUG,Yugoslavia
Joe Kova,YUG,Yugoslavia
Joe Kuralt,YUG,Yugoslavia
Joe Smole,YUG,Yugoslavia
Joe Urankar,YUG,Yugoslavia
Joe Vadnov,YUG,Yugoslavia
Joe Valeni,YUG,Yugoslavia
Joe Zidar,YUG,Yugoslavia
Joef Holpert,YUG,Yugoslavia
Joef oti,SCG,Serbia and Montenegro
Joef Tertei,YUG,Yugoslavia
"John Alexander George ""Jack"" Ryrie",ANZ,Australasia
John Campbell,ISV,Virgin Islands
John Fong Yew,TTO,Trinidad and Tobago
"John Frederick Foster, Sr.",ISV,Virgin Islands
John Jackson,ISV,Virgin Islands
"John Joseph ""Jack"" Hickey",ANZ,Australasia
"John Jude ""Johnny"" Monteiro",HKG,Hong Kong
John Mitchell Park,HKG,Hong Kong
"John Parry Foster, Jr.",ISV,Virgin Islands
John Reeve,ISV,Virgin Islands
John Thomas Barnett,ANZ,Australasia
John Wai,HKG,Hong Kong
John Werge Hamber,ISV,Virgin Islands
Joko Ja,YUG,Yugoslavia
Joo Bosco Quevado da Silva,HKG,Hong Kong
Jorge Gerardo Brion,AHO,Netherlands Antilles
Jos Flores,AHO,Netherlands Antilles
Jos Lei,HKG,Hong Kong
Jos lvarez,ISV,Virgin Islands
"Jos Policarpo ""Zeca"" da Cunha",HKG,Hong Kong
Josanne Lucille Lucas,TTO,Trinidad and Tobago
Josef ada,BOH,Bohemia
Josef Bechyn,BOH,Bohemia
Josef Bernek,BOH,Bohemia
Josef ebek,BOH,Bohemia
Josef Gruss (Miovsk),BOH,Bohemia
Josef ipera,BOH,Bohemia
Josef Javrek,BOH,Bohemia
Josef Pfeiffer,BOH,Bohemia
"Joseph ""Joe"" Goddard",TTO,Trinidad and Tobago
Joseph Coombs,TTO,Trinidad and Tobago
Joseph Michael Lynch,ANZ,Australasia
"Joshua Noel ""Josh"" Laban",ISV,Virgin Islands
"Josip ""Ivo"" Despot",YUG,Yugoslavia
"Josip ""Joe"" Meimurec",YUG,Yugoslavia
"Josip ""Joe"" Primoi",YUG,Yugoslavia
"Josip ""Jozo"" Alebi",YUG,Yugoslavia
Josip Bajlo,YUG,Yugoslavia
Josip Bujas,YUG,Yugoslavia
Josip Kosmatin,YUG,Yugoslavia
Josip krabl,YUG,Yugoslavia
Josip Kujundi,YUG,Yugoslavia
Josip Lipokati,YUG,Yugoslavia
Josip olar,YUG,Yugoslavia
Josip olc,YUG,Yugoslavia
Josip orak,YUG,Yugoslavia
Josip Pirmajer,YUG,Yugoslavia
Josip Pokupec,YUG,Yugoslavia
Josip Rei,YUG,Yugoslavia
Josip uk,YUG,Yugoslavia
Josip Zidarn,YUG,Yugoslavia
"Jovan ""Zoran"" Miladinovi",YUG,Yugoslavia
Jovan Kratohvil,YUG,Yugoslavia
Jovan Miki,YUG,Yugoslavia
Jovan Pajkovi,YUG,Yugoslavia
Jovan Rui,YUG,Yugoslavia
"Jovica ""Jovan"" Elezovi",YUG,Yugoslavia
Jovica Cvetkovi,YUG,Yugoslavia
Jovica Nikoli,YUG,Yugoslavia
Jovon Toppin,TTO,Trinidad and Tobago
Juan Briezen,AHO,Netherlands Antilles
Jugoslav Vasovi,SCG,Serbia and Montenegro
"Julianne ""Anne"" Aberthy",ISV,Virgin Islands
Julien Thode,AHO,Netherlands Antilles
Julieon Raeburn,TTO,Trinidad and Tobago
Julija Matej (-gy),YUG,Yugoslavia
Julije Bauer,YUG,Yugoslavia
Julito A.H. Francis,ISV,Virgin Islands
Julius Jackson,ISV,Virgin Islands
Juraj Amel,YUG,Yugoslavia
Juraj karpa,YUG,Yugoslavia
Jure Franko,YUG,Yugoslavia
Jure Pavli,YUG,Yugoslavia
Jure Potonik,YUG,Yugoslavia
Jure Velepec,YUG,Yugoslavia
"Jurij ""Jure"" Zdovc",YUG,Yugoslavia
"Ka Kay ""Cynthia"" Lo",HKG,Hong Kong
"Ka Long ""Angus"" Ng",HKG,Hong Kong
"Ka Long ""Edgar"" Cheung",HKG,Hong Kong
"Ka Wah ""Alexandra"" Yeung",HKG,Hong Kong
Kader Rahman,HKG,Hong Kong
Kai Freddie Selvon,TTO,Trinidad and Tobago
"Kai Wai ""Kelvin"" Li",HKG,Hong Kong
"Kai Yien ""Arthur"" Li",HKG,Hong Kong
Kalman Ki,YUG,Yugoslavia
"Kam Sing ""Michael"" Watt",HKG,Hong Kong
Kamel Ali El-Sayed,UAR,United Arab Republic
"Kar Wai ""Calvin"" Lee",HKG,Hong Kong
Kareem Javier Valentine Sandoval,ANT,Antigua and Barbuda
"Karel ""Karlo"" Umek",YUG,Yugoslavia
Karel Drago Savi,YUG,Yugoslavia
Karel Goppold z Lobsdorfu,BOH,Bohemia
Karel Halk,BOH,Bohemia
Karel Jane,YUG,Yugoslavia
Karel Klannik,YUG,Yugoslavia
Karel Ludvik Fuchs (-Robtn),BOH,Bohemia
Karel Nedvd,BOH,Bohemia
Karen Dieffenthaler,TTO,Trinidad and Tobago
Karen Lynn Portch,ANT,Antigua and Barbuda
Karen Robertson,HKG,Hong Kong
Karin Alejandra O'Reilly Clashing,ANT,Antigua and Barbuda
Karl James,ANT,Antigua and Barbuda
Karlo Bai,YUG,Yugoslavia
Karlo Bauman,YUG,Yugoslavia
Karlo ovi,YUG,Yugoslavia
Karlo Pavlen,YUG,Yugoslavia
Karlo Stipani,YUG,Yugoslavia
Karlo Toth (Tot),YUG,Yugoslavia
"Karolj ""Karlo"" Kasap",YUG,Yugoslavia
Karolj Kopas,YUG,Yugoslavia
"Katari ""Katra"" Zajc",YUG,Yugoslavia
Katari Hribar,YUG,Yugoslavia
"Kathryn Florence ""Kathy"" Wong",HKG,Hong Kong
Katica Ile,YUG,Yugoslavia
Keith Alvin Saint Hope Gardner,WIF,West Indies Federation
Keith Dudley De Casseres,WIF,West Indies Federation
Keith Sudziarski,ISV,Virgin Islands
Kelly-Ann Kaylene Baptiste,TTO,Trinidad and Tobago
Kenmore Henderson Hughes,ANT,Antigua and Barbuda
"Kenneth ""Ken"" Klein, Sr.",ISV,Virgin Islands
"Kenneth C. ""Ken"" Klein, Jr.",ISV,Virgin Islands
Kenneth C. Tomlins,HKG,Hong Kong
Kent Bede Berrd,TTO,Trinidad and Tobago
Keshorn Walcott,TTO,Trinidad and Tobago
Keston Bledman,TTO,Trinidad and Tobago
"Khai Kam ""Johnny"" Li",HKG,Hong Kong
Khaled Al-Mudhaf,IOA,Individual Olympic Athletes
Khalifa St. Fort,TTO,Trinidad and Tobago
Khemo Rivera,ISV,Virgin Islands
Khristos Ferarolakis,CRT,Crete
Khristos Marolakis,CRT,Crete
Kim Collins,SKN,Turks and Caicos Islands
"Kimi Ming ""Mark"" Kwok",HKG,Hong Kong
"King Hung ""Gilbert"" U",HKG,Hong Kong
Kire Filipovski,IOA,Individual Olympic Athletes
Kirk Rient Grybowski,ISV,Virgin Islands
Kiro Ristov,YUG,Yugoslavia
Kirt Thompson,TTO,Trinidad and Tobago
"Kit Yong ""Kitty"" To",HKG,Hong Kong
Klemen Bergant,YUG,Yugoslavia
Klement-Mile Alujevi,YUG,Yugoslavia
Ko Lai Chak,HKG,Hong Kong
Koce Efremov,YUG,Yugoslavia
Koloman Sovi,YUG,Yugoslavia
Konrad Grilc,YUG,Yugoslavia
"Konstantin ""Kosta"" Petrovi",YUG,Yugoslavia
Kornelija Kvesi,YUG,Yugoslavia
Kosta Tomaevi,YUG,Yugoslavia
Kraig Brandon Singleton,ISV,Virgin Islands
"Kreimir ""Kreo"" Rai",YUG,Yugoslavia
"Kreimir ""Kreo"" Tretinjak",YUG,Yugoslavia
Kreimir osi,YUG,Yugoslavia
Krista Fanedl,YUG,Yugoslavia
Kristan Brent Singleton,ISV,Virgin Islands
Kristi Radonji,IOA,Individual Olympic Athletes
Ku Wai Ming,HKG,Hong Kong
"Kui ng ""Solomon"" Lee",HKG,Hong Kong
Kuldip Singh Gosal,HKG,Hong Kong
Kurt Sinette,TTO,Trinidad and Tobago
Kuzman Sotirovi,YUG,Yugoslavia
Kwan Honk Wai,HKG,Hong Kong
Kwan Kit Ho,HKG,Hong Kong
Kwong Chi Yan,HKG,Hong Kong
Kyle Greaux,TTO,Trinidad and Tobago
Kyle Heikkila,ISV,Virgin Islands
Ladislav emla,BOH,Bohemia
Ladislav Jirnek-Stra,BOH,Bohemia
Ladislav Mateti,YUG,Yugoslavia
Lado Ser,YUG,Yugoslavia
Lai Chi Hung,HKG,Hong Kong
"Lai Chu ""Winnie"" Ng",HKG,Hong Kong
Lai Chun Ho,HKG,Hong Kong
Lalonde Keida Gordon,TTO,Trinidad and Tobago
Lam Hin Chung,HKG,Hong Kong
Lam Lap Hing,HKG,Hong Kong
Lam Tin Sau,HKG,Hong Kong
"Lan Fong ""Macy"" Lau",HKG,Hong Kong
"Lap Suen ""Patrick"" Lam",HKG,Hong Kong
Larry R. Miller,ANT,Antigua and Barbuda
Laszlo Ubori,YUG,Yugoslavia
Lau Kwok Kin,HKG,Hong Kong
Lau Sui Fei,HKG,Hong Kong
Laura Pierre (-James),TTO,Trinidad and Tobago
"Laurent Clayton, Jr.",ISV,Virgin Islands
Laurent Paul Alfred,ISV,Virgin Islands
Laverne Bryan,ANT,Antigua and Barbuda
LaVerne Janet Jones-Ferrette,ISV,Virgin Islands
Law Hiu Fung,HKG,Hong Kong
Law Hon Pak,HKG,Hong Kong
Law Lai Wah,HKG,Hong Kong
Law Siu On,HKG,Hong Kong
Lawrence Kwoh,HKG,Hong Kong
Lazar Jovanovi,YUG,Yugoslavia
Lazar Lemi,YUG,Yugoslavia
Lazar Miloevi,IOA,Individual Olympic Athletes
Lazar Popovski,IOA,Individual Olympic Athletes
Lazar Radovi,YUG,Yugoslavia
Lazo Piva,IOA,Individual Olympic Athletes
Lazo Piva,YUG,Yugoslavia
Lee Chung Man,HKG,Hong Kong
Lee Ho Ching,HKG,Hong Kong
Lee Ka Man,HKG,Hong Kong
Lee Kam Wah,HKG,Hong Kong
Lee Kan,HKG,Hong Kong
"Lee Keung ""Ken"" Choi",HKG,Hong Kong
Lee Lai Shan,HKG,Hong Kong
Lee Wai Sze,HKG,Hong Kong
Lee Yuen Yin,HKG,Hong Kong
LeJuan Waynesley Simon,TTO,Trinidad and Tobago
Lennox Stanislaus Kilgour,TTO,Trinidad and Tobago
Lennox Stewart,TTO,Trinidad and Tobago
Leon Bebler,YUG,Yugoslavia
Leon Kp,YUG,Yugoslavia
Leon Lukman,YUG,Yugoslavia
Leon tukelj,YUG,Yugoslavia
"Leopold ""Polde"" Milek",YUG,Yugoslavia
Leopold Hereni,YUG,Yugoslavia
"Leord ""Leon"" Richardson",ANT,Antigua and Barbuda
Leordo Bujas,YUG,Yugoslavia
Leposava Markovi,IOA,Individual Olympic Athletes
"Leslie ""Les"" Boardman",ANZ,Australasia
Leslie King,TTO,Trinidad and Tobago
Leslie Rawlins,TTO,Trinidad and Tobago
Lester Benjamin,ANT,Antigua and Barbuda
Leston Sprauve,ISV,Virgin Islands
Lestrod Roland,SKN,Turks and Caicos Islands
Leung Chu Yan,HKG,Hong Kong
Leung Chun Shek,HKG,Hong Kong
Leung Chun Wing,HKG,Hong Kong
Leung Hung Tak,HKG,Hong Kong
Leung Ka Ming,HKG,Hong Kong
Leung Wing Kwong,HKG,Hong Kong
Li Ching,HKG,Hong Kong
Li Chung Tai,HKG,Hong Kong
Li Hao Jian,HKG,Hong Kong
Li Hin Yu,HKG,Hong Kong
"Li Mei ""Camille Lily"" Cheng",HKG,Hong Kong
Li Wing Mui,HKG,Hong Kong
Lidija Benedeti-Lapajne,YUG,Yugoslavia
Lidija Mihajlovi,IOA,Individual Olympic Athletes
Lidija Rupnik (-ifrer),YUG,Yugoslavia
Liemarvin Bonevacia,IOA,Individual Olympic Athletes
"Lik Sun ""Alex"" Fong",HKG,Hong Kong
Lin Ling,HKG,Hong Kong
Lin Po Heung,HKG,Hong Kong
Linda Dawn McEachrane,TTO,Trinidad and Tobago
Ling Wan Ting,HKG,Hong Kong
Lino Pavao Ljubii,YUG,Yugoslavia
Lionel Francis,ANT,Antigua and Barbuda
Lionel H. Guterres,HKG,Hong Kong
Lisa Neuburger,ISV,Virgin Islands
Liu Fuk Man,HKG,Hong Kong
Ljilja Markovi,YUG,Yugoslavia
Ljilja Mugoa (-Vuevi),YUG,Yugoslavia
Ljubia orevi,YUG,Yugoslavia
Ljubia Simi,YUG,Yugoslavia
Ljubia Spaji,YUG,Yugoslavia
Ljubinka Jankovi (Erdevicki-),YUG,Yugoslavia
Ljubinko Veselinovi,YUG,Yugoslavia
Ljubodrag Simonovi,YUG,Yugoslavia
Ljubomir Lovri,YUG,Yugoslavia
Ljubomir Radanovi,YUG,Yugoslavia
Ljubomir Travica,YUG,Yugoslavia
Lo Chuen Tsung,HKG,Hong Kong
Lo Kam Kuen,HKG,Hong Kong
Lo Moon Tong,HKG,Hong Kong
Lo Sing Yan,HKG,Hong Kong
Lo Ting Wai,HKG,Hong Kong
Logo Esau,TUV,Tuvalu
Lok Kwan Hoi,HKG,Hong Kong
Lovro emva,YUG,Yugoslavia
Lovro Radoni,YUG,Yugoslavia
Luciano Suanj,YUG,Yugoslavia
Lucijan Kleva,YUG,Yugoslavia
Ludvig Dornig,YUG,Yugoslavia
Ludvik Zajc,YUG,Yugoslavia
Lui Kam Chi,HKG,Hong Kong
Luk Kwok Sun,HKG,Hong Kong
Luka Ciganovi,YUG,Yugoslavia
Luka Lipoinovi,YUG,Yugoslavia
Luka Vezili,YUG,Yugoslavia
Luke Thomas Baldauf,ISV,Virgin Islands
M. Mantakas,CRT,Crete
Mabika Yolande Bukasa,ROT,Refugee Olympic Team
Machel Cedenio,TTO,Trinidad and Tobago
Mahmoud Atter Abdel Fattah,UAR,United Arab Republic
Mahmoud sir Yusuf El-Gohary,UAR,United Arab Republic
Maja Grozdani,SCG,Serbia and Montenegro
Maja Kos,IOA,Individual Olympic Athletes
Maja Vere,YUG,Yugoslavia
Majda Ankele (-Samaluk),YUG,Yugoslavia
Majda Milak,IOA,Individual Olympic Athletes
Mak Chi Wai,HKG,Hong Kong
"Mak So Ning ""Tania""",HKG,Hong Kong
"Maksimilijan ""Maksi"" Jelenc",YUG,Yugoslavia
Malcolm Eadie Champion,ANZ,Australasia
"Malcolm Emanuel Augustus ""Mal"" Spence",WIF,West Indies Federation
"Malcolm Julian ""Mannie"" McArthur",ANZ,Australasia
Malique Williams,ANT,Antigua and Barbuda
"Man Chiu ""Ronnie"" Wong",HKG,Hong Kong
"Man Kit ""Kenneth"" Cheng",HKG,Hong Kong
"Man Wai ""Vivian"" Kong",HKG,Hong Kong
"Man Yee ""Maggie"" Chan (-Roper)",HKG,Hong Kong
"Man Yi ""Yvette"" Kong",HKG,Hong Kong
Manny L. Ramjohn,TTO,Trinidad and Tobago
Mara Kovaevi,SCG,Serbia and Montenegro
Mara Laki,YUG,Yugoslavia
Mara Rekar,YUG,Yugoslavia
Marc Burns,TTO,Trinidad and Tobago
Marcelino Garcia,ISV,Virgin Islands
Margit Kristijan,YUG,Yugoslavia
Mari ivkovi (Filipovi-),SCG,Serbia and Montenegro
Mari Ku,SCG,Serbia and Montenegro
Mari Vidovi,YUG,Yugoslavia
Maria Noel,ISV,Virgin Islands
Marica Strameter,SCG,Serbia and Montenegro
Marija Ivandeki,YUG,Yugoslavia
Marija Lubej,YUG,Yugoslavia
Marija Martinovi-estak,SCG,Serbia and Montenegro
Marija Mladenovi,SCG,Serbia and Montenegro
Marija Radosavljevi,YUG,Yugoslavia
Marija Senica,IOA,Individual Olympic Athletes
Marija Teak,YUG,Yugoslavia
Marija Tonkovi (-Pavievi),YUG,Yugoslavia
Marija Trmi,SCG,Serbia and Montenegro
Marija Uzelac,YUG,Yugoslavia
"Marijan ""Mare"" Marjanovi",YUG,Yugoslavia
Marijan Bene,YUG,Yugoslavia
Marijan Brni,YUG,Yugoslavia
Marijan Kristan,YUG,Yugoslavia
Marijan Stipeti,YUG,Yugoslavia
Marijan uej,YUG,Yugoslavia
Mario Fafangel,YUG,Yugoslavia
Mario Franji,YUG,Yugoslavia
Marisa Roseanne Dick,TTO,Trinidad and Tobago
Marjan bontar,YUG,Yugoslavia
Marjan Burgar,YUG,Yugoslavia
Marjan Gorenc,YUG,Yugoslavia
Marjan Kandus,YUG,Yugoslavia
Marjan Mesec,YUG,Yugoslavia
Marjan Pear,YUG,Yugoslavia
Marjan Pengov,YUG,Yugoslavia
Marjan Vidmar,YUG,Yugoslavia
Marjan Zaninovi,YUG,Yugoslavia
Mark Anthony Crocker,HKG,Hong Kong
Mark Elston Swanson,ISV,Virgin Islands
Marko Baa,SCG,Serbia and Montenegro
Marko Brajnovi,YUG,Yugoslavia
Marko Cuderman,YUG,Yugoslavia
Marko Elsner,YUG,Yugoslavia
Marko Horvatin,YUG,Yugoslavia
Marko Jankovi,SCG,Serbia and Montenegro
Marko Kavi,YUG,Yugoslavia
Marko Lomi,SCG,Serbia and Montenegro
Marko Mandi,YUG,Yugoslavia
Marko orevi,SCG,Serbia and Montenegro
Marko Rai,YUG,Yugoslavia
Marlon Selwyn Williams,ISV,Virgin Islands
Marlon Singh,ISV,Virgin Islands
Marsel Markulin,YUG,Yugoslavia
Marsha Mark-Baird,TTO,Trinidad and Tobago
Marta Pustiek,YUG,Yugoslavia
"Martin ""Tine"" rot",YUG,Yugoslavia
Martinho de Araujo,IOA,Individual Olympic Athletes
Mate Mojti,YUG,Yugoslavia
Mate Parlov,YUG,Yugoslavia
Mate Trojanovi,YUG,Yugoslavia
Mateja Svet,YUG,Yugoslavia
Matev Korde,YUG,Yugoslavia
Matev Lukanc,YUG,Yugoslavia
Matija Ljubek,YUG,Yugoslavia
Matja Debelak,YUG,Yugoslavia
Matja Sekelj,YUG,Yugoslavia
Matja Zupan,YUG,Yugoslavia
Maureen Cynthia Eager,HKG,Hong Kong
Maxwell Cheeseman,TTO,Trinidad and Tobago
Maxwell Peters,ANT,Antigua and Barbuda
"Mayumi ""Mimi"" Roller",ISV,Virgin Islands
Mehmed Badarevi,YUG,Yugoslavia
Memet (Mehmet) Bogujevci,YUG,Yugoslavia
Meritzer Williams,SKN,Turks and Caicos Islands
Mersada Beirspahi,YUG,Yugoslavia
Metka Jerman (-enica),YUG,Yugoslavia
Metka Munih,YUG,Yugoslavia
Metod Gabrek,YUG,Yugoslavia
"Michael ""Mike"" Paul",TTO,Trinidad and Tobago
"Michael ""Mike"" Puckerin",TTO,Trinidad and Tobago
"Michael ""Mike"" Savitch",ISV,Virgin Islands
"Michael ""Mike"" Solomon",TTO,Trinidad and Tobago
Michael Andrew Tse,HKG,Hong Kong
"Michael George Raymond ""Mike"" Agostini",TTO,Trinidad and Tobago
Michael Jeremy Wright,HKG,Hong Kong
Michael John Watson,HKG,Hong Kong
Michael Juhlin,ISV,Virgin Islands
Michael Terry,ANT,Antigua and Barbuda
Michel Daou,AHO,Netherlands Antilles
Michelle-Lee Raquel Ahye,TTO,Trinidad and Tobago
Miha Lokar,YUG,Yugoslavia
"Mihael ""Miha"" Oswald",YUG,Yugoslavia
Mihajlo Dimitrijevi,YUG,Yugoslavia
Mihovil Dori,YUG,Yugoslavia
Mihovil ki-Vojnovi,YUG,Yugoslavia
Mikel Kevon Thomas,TTO,Trinidad and Tobago
Mikhail Gianrakis,CRT,Crete
Miko Rnjakovi,IOA,Individual Olympic Athletes
Mila Savi,SCG,Serbia and Montenegro
Milad Petrui,YUG,Yugoslavia
Milan Arei,YUG,Yugoslavia
Milan Begovi,YUG,Yugoslavia
Milan Bievac,SCG,Serbia and Montenegro
Milan Butorac,YUG,Yugoslavia
Milan Gali,YUG,Yugoslavia
Milan Ja,YUG,Yugoslavia
Milan Jani,YUG,Yugoslavia
Milan Jeger,YUG,Yugoslavia
Milan Jovin,YUG,Yugoslavia
Milan Kali,YUG,Yugoslavia
Milan Lazarevi,YUG,Yugoslavia
Milan Markovi,SCG,Serbia and Montenegro
Milan Milakov,YUG,Yugoslavia
Milan Mukatirovi,YUG,Yugoslavia
Milan Nedi,YUG,Yugoslavia
Milan op,YUG,Yugoslavia
Milan orevi,IOA,Individual Olympic Athletes
Milan Petakovi,SCG,Serbia and Montenegro
Milan Poredski,YUG,Yugoslavia
Milan Radakovi,IOA,Individual Olympic Athletes
Milan Spasojevi,YUG,Yugoslavia
Milan Spasovski,YUG,Yugoslavia
Milan Stepanov,SCG,Serbia and Montenegro
Milan Stepinik,YUG,Yugoslavia
Milan Tadi,SCG,Serbia and Montenegro
Milan ulibrk,YUG,Yugoslavia
Milan Vai,SCG,Serbia and Montenegro
Mile elesnik,YUG,Yugoslavia
Mile Isakovi,YUG,Yugoslavia
Mile Korde,YUG,Yugoslavia
Mile Petrovi,YUG,Yugoslavia
Mile Reljin (-Tatic),YUG,Yugoslavia
Mile Usenik,YUG,Yugoslavia
Milenko Kersni,YUG,Yugoslavia
Milenko Leki,YUG,Yugoslavia
Milenko Topi,SCG,Serbia and Montenegro
Milica Roman,YUG,Yugoslavia
Milivoj Bebi,YUG,Yugoslavia
Milivoj Radovi,YUG,Yugoslavia
Milko urovski,YUG,Yugoslavia
Milo aki,SCG,Serbia and Montenegro
Milo Cerovi,SCG,Serbia and Montenegro
Milo esti,YUG,Yugoslavia
Milo Govedarica,IOA,Individual Olympic Athletes
Milo Hrsti,YUG,Yugoslavia
Milo Ja,YUG,Yugoslavia
Milo Klika,BOH,Bohemia
Milo Kralj,YUG,Yugoslavia
Milo Krasi,SCG,Serbia and Montenegro
Milo Markovi,YUG,Yugoslavia
Milo Mijalkovi,SCG,Serbia and Montenegro
Milo Tomi,SCG,Serbia and Montenegro
Milo Vrati,YUG,Yugoslavia
Milo Vujani,SCG,Serbia and Montenegro
Miloje Gruji,YUG,Yugoslavia
"Milorad ""Mia"" Mitrovi",YUG,Yugoslavia
"Milorad ""Mikica"" Arsenijevi",YUG,Yugoslavia
Milorad avi,SCG,Serbia and Montenegro
Milorad iki,YUG,Yugoslavia
Milorad Karali,YUG,Yugoslavia
Milorad Krivokapi,YUG,Yugoslavia
Milorad Stanulov,YUG,Yugoslavia
Milosav Popovi,YUG,Yugoslavia
Miloslav Paunovi,YUG,Yugoslavia
Milovan Savi,YUG,Yugoslavia
Milun Marovi,YUG,Yugoslavia
Milutin Ivkovi,YUG,Yugoslavia
Milutin oki,YUG,Yugoslavia
Minski Fabris,YUG,Yugoslavia
Mio Brkovi,IOA,Individual Olympic Athletes
Mio Brkovi,YUG,Yugoslavia
Mio Krstievi,YUG,Yugoslavia
Miodrag Jovanovi,YUG,Yugoslavia
Miodrag Kovai,SCG,Serbia and Montenegro
Miodrag Miti,YUG,Yugoslavia
Miodrag Nikoli,YUG,Yugoslavia
Miodrag Perunovi,YUG,Yugoslavia
Miodrag Todosijevi,YUG,Yugoslavia
Mira Bjedov (-Nikoli),YUG,Yugoslavia
Miran Gaperi,YUG,Yugoslavia
Miran Krmelj,YUG,Yugoslavia
Miran Tepe,YUG,Yugoslavia
Mirja Bili (-Vukas),YUG,Yugoslavia
Mirja egrt,YUG,Yugoslavia
Mirja Granzov (-Moevi),SCG,Serbia and Montenegro
Mirja Jovovi-Horvat,YUG,Yugoslavia
Mirja Krsti,YUG,Yugoslavia
Mirja Ognjenovi,YUG,Yugoslavia
Mirja urica,YUG,Yugoslavia
Mirko Bai,YUG,Yugoslavia
Mirko Bave,YUG,Yugoslavia
Mirko Boi,YUG,Yugoslavia
Mirko Holbus,YUG,Yugoslavia
Mirko Ivani,YUG,Yugoslavia
Mirko Kolnik,YUG,Yugoslavia
Mirko Kori,YUG,Yugoslavia
Mirko Mihi,YUG,Yugoslavia
Mirko Niovi,YUG,Yugoslavia
Mirko Puzovi,YUG,Yugoslavia
Mirko Sandi,YUG,Yugoslavia
Mirko Tara,YUG,Yugoslavia
Mirko Vievi,SCG,Serbia and Montenegro
Mirko Vievi,YUG,Yugoslavia
Mirko Vincens,YUG,Yugoslavia
Mirko Vujai,YUG,Yugoslavia
Miro Kocuvan,YUG,Yugoslavia
Miro Longyka,YUG,Yugoslavia
Miro Mihovilovi,YUG,Yugoslavia
Miro Oman,YUG,Yugoslavia
Miroljub Damjanovi,YUG,Yugoslavia
Miroljub orevi,YUG,Yugoslavia
"Miroslav ""Mirko"" Pandakovi",YUG,Yugoslavia
"Miroslav ""Miro"" Pandurevi",YUG,Yugoslavia
Miroslav Beri,SCG,Serbia and Montenegro
Miroslav Brozovi,YUG,Yugoslavia
Miroslav Cerar,YUG,Yugoslavia
Miroslav Forte,YUG,Yugoslavia
Miroslav Gojanovi,YUG,Yugoslavia
Miroslav ipek,YUG,Yugoslavia
Miroslav Joi,IOA,Individual Olympic Athletes
Miroslav Lap,YUG,Yugoslavia
Miroslav Metzner-Fritz,YUG,Yugoslavia
Miroslav Poljak,YUG,Yugoslavia
Miroslav Pribani,YUG,Yugoslavia
Miroslav Stojanovi,YUG,Yugoslavia
Miroslav ustera,BOH,Bohemia
Miroslava jdanovski,SCG,Serbia and Montenegro
"Miroslavo ""Mirko"" Vindi",YUG,Yugoslavia
Mirsad Balji,YUG,Yugoslavia
Mirsad Fazlagi,YUG,Yugoslavia
Mirza Delibai,YUG,Yugoslavia
Mislav Bezmalinovi,YUG,Yugoslavia
Mitar Milinkovi,IOA,Individual Olympic Athletes
Mitar Milinkovi,SCG,Serbia and Montenegro
Mitar Mrkela,YUG,Yugoslavia
"Mitchell Llewellyn ""Mitch"" Peters",ISV,Virgin Islands
Mitchell Patrick Browne,ANT,Antigua and Barbuda
Mladen Gruji,YUG,Yugoslavia
Mladen Kai,YUG,Yugoslavia
Mladen Kapor,IOA,Individual Olympic Athletes
Mladen Koak,YUG,Yugoslavia
Mladen Nini,YUG,Yugoslavia
Mladen Pavao Pintari,YUG,Yugoslavia
Mladen Stegi,SCG,Serbia and Montenegro
Mladen Tepavevi,SCG,Serbia and Montenegro
Mladenka  Malenia (-Vidovic),YUG,Yugoslavia
"Mohamed Abdel Atif ""Mimi"" El-Sherbini",UAR,United Arab Republic
Mohamed Abdel Aziz Khalifa,UAR,United Arab Republic
Mohamed Abdel Hafiz,UAR,United Arab Republic
Mohamed Abdel Sami,UAR,United Arab Republic
Mohamed Ali Abdel Kerim,UAR,United Arab Republic
Mohamed Amer El-Hafi,UAR,United Arab Republic
Mohamed Azmi,UAR,United Arab Republic
Mohamed Gamil El-Kalyoubi,UAR,United Arab Republic
Mohamed Kohsrof,YAR,North Yemen
Mohamed Mahfood Sayed,YMD,South Yemen
Mohamed Mahmoud Ibrahim,UAR,United Arab Republic
"Mohamed Morsi ""Reda"" Hussein",UAR,United Arab Republic
Mohamed Moslih,YAR,North Yemen
Mohamed Saleh Selim,UAR,United Arab Republic
Mohamed Samir Qotb,UAR,United Arab Republic
Mohamed Selim Zaki,UAR,United Arab Republic
Mohammed Abdou Noshi,UAR,United Arab Republic
Mojca Deman,YUG,Yugoslavia
Mok Cheuk Wing,HKG,Hong Kong
Mok Ka Sha,HKG,Hong Kong
Mok Sau Hei,HKG,Hong Kong
"Momir ""Momo"" Skoki",YUG,Yugoslavia
Momir Kecman,YUG,Yugoslavia
Momir Petkovi,YUG,Yugoslavia
Momir Rni,YUG,Yugoslavia
Monica Stevens,ANT,Antigua and Barbuda
Moukhtar Hussain El-Gamal,UAR,United Arab Republic
Moussa El-Gelidi,UAR,United Arab Republic
Moustafa Bakri,UAR,United Arab Republic
Moustafa El-Shalakani,UAR,United Arab Republic
Moustafa Hamil Mansour,UAR,United Arab Republic
Moustafa Hassan,UAR,United Arab Republic
Moustafa Mounib Abdel Kader,UAR,United Arab Republic
Moustafa Soheim,UAR,United Arab Republic
Muhamed Memi,YUG,Yugoslavia
Muhamed Muji,YUG,Yugoslavia
Muhammad Osman El-Sayed,UAR,United Arab Republic
Muhammad Rifaat Mustafa El-Faguili,UAR,United Arab Republic
Muhammad Taqiy Halim,ISV,Virgin Islands
Murajica Paji,YUG,Yugoslavia
Mustafa Bei,YUG,Yugoslavia
Myr Crescenda Anselma Plate,AHO,Netherlands Antilles
N'Kosie Barnes,ANT,Antigua and Barbuda
ndor Sabo Paloc,IOA,Individual Olympic Athletes
ndor Sabo Paloc,YUG,Yugoslavia
Nea erne,YUG,Yugoslavia
Neboja Biki,SCG,Serbia and Montenegro
Neboja Goli,SCG,Serbia and Montenegro
Neboja Popovi,YUG,Yugoslavia
Neboja Zorki,YUG,Yugoslavia
Ned Babovi,SCG,Serbia and Montenegro
Ned Gerard,ISV,Virgin Islands
Ned Graan,YUG,Yugoslavia
Ned Krsti,SCG,Serbia and Montenegro
Ned Lor,SCG,Serbia and Montenegro
Ned Milo,YUG,Yugoslavia
Ned Perunii,SCG,Serbia and Montenegro
Ned Prodanovi,YUG,Yugoslavia
Ned Steki,YUG,Yugoslavia
Ned vanut,YUG,Yugoslavia
Ned Vidovi,YUG,Yugoslavia
Ned Vukani,SCG,Serbia and Montenegro
Ned Zimonji,SCG,Serbia and Montenegro
"Nedeljko ""Nedo"" Fari",YUG,Yugoslavia
Nedeljko Jovanovi,SCG,Serbia and Montenegro
Neil De Silva,TTO,Trinidad and Tobago
Neil Frederick Pryde,HKG,Hong Kong
Nemanja Markovi,YUG,Yugoslavia
Nemanja Mirosavljev,IOA,Individual Olympic Athletes
Nemanja Mirosavljev,SCG,Serbia and Montenegro
Nemanja uri,YUG,Yugoslavia
Nevenka Poganik,YUG,Yugoslavia
Nevenka Pukarevi,YUG,Yugoslavia
Nevenko Vali,YUG,Yugoslavia
Neville Gomez Hodge,ISV,Virgin Islands
Ng Chiu Fan,HKG,Hong Kong
Ng Hin Wan,HKG,Hong Kong
Ng Ka Fung,HKG,Hong Kong
Ng Ka Yee,HKG,Hong Kong
Ng Pak Kum,HKG,Hong Kong
Ng Sui,HKG,Hong Kong
Ng Tsuen Man,HKG,Hong Kong
Ng Wei,HKG,Hong Kong
Ng Wing Hon,HKG,Hong Kong
Ng Wing Nga,HKG,Hong Kong
"Nicholas ""Nick"" Bryan",HKG,Hong Kong
"Nicholas ""Nick"" Edward Anthony Bovell",TTO,Trinidad and Tobago
Nicholas Edward Choi,HKG,Hong Kong
Nicole L. M. Hoevertsz,AHO,Netherlands Antilles
"Niconnor ""Nico"" Alexander",TTO,Trinidad and Tobago
"Nigel ""Neil"" Lloyd",ANT,Antigua and Barbuda
Nigel Paul,TTO,Trinidad and Tobago
Nikica Cukrov,YUG,Yugoslavia
Nikica Klirski,YUG,Yugoslavia
Nikola Grbi,SCG,Serbia and Montenegro
Nikola Grbi,YUG,Yugoslavia
Nikola Jestratijevi,SCG,Serbia and Montenegro
Nikola Kalabi,SCG,Serbia and Montenegro
Nikola Kleut,YUG,Yugoslavia
Nikola Korica,YUG,Yugoslavia
Nikola Kuljaa,SCG,Serbia and Montenegro
Nikola Lor,SCG,Serbia and Montenegro
Nikola Mardei,YUG,Yugoslavia
Nikola Milojevi,SCG,Serbia and Montenegro
Nikola Nikezi,SCG,Serbia and Montenegro
Nikola Plea,YUG,Yugoslavia
Nikola Radovi,YUG,Yugoslavia
Nikola Savi,SCG,Serbia and Montenegro
Nikola Simi,YUG,Yugoslavia
Nikola Stefanovi,YUG,Yugoslavia
Nikola Stipanicev,YUG,Yugoslavia
Nikola Stoji,SCG,Serbia and Montenegro
Nikola Trojanovi,YUG,Yugoslavia
Nikola upin,YUG,Yugoslavia
Nikolaos Malintretos,CRT,Crete
Nirmal Lorick,TTO,Trinidad and Tobago
Njisane Nicholas Phillip,TTO,Trinidad and Tobago
Noah Mascoll-Gomes,ANT,Antigua and Barbuda
Noel Luces,TTO,Trinidad and Tobago
Novak Roganovi,YUG,Yugoslavia
Novica anovi,YUG,Yugoslavia
Nua Tome,YUG,Yugoslavia
Obrad Sretenovi,YUG,Yugoslavia
Ognjen Filipovi,SCG,Serbia and Montenegro
Ognjen Sokolovi,YUG,Yugoslavia
"Oi Ni ""Emmy"" Chan",HKG,Hong Kong
Okilani Tinilau,TUV,Tuvalu
Olga Bumbi,YUG,Yugoslavia
Olga Gere-Puli,YUG,Yugoslavia
Olga ikovec (-Luncer),YUG,Yugoslavia
Olga Rajkovi,YUG,Yugoslavia
Olivera Jevti,SCG,Serbia and Montenegro
Omar Kachung Dallah,HKG,Hong Kong
Ondej Pukl,BOH,Bohemia
Oral Armstrong Lincoln Selkridge,ANT,Antigua and Barbuda
ore Filipovi,SCG,Serbia and Montenegro
ore Joki,SCG,Serbia and Montenegro
ore Lavrni,YUG,Yugoslavia
ore Majtan,YUG,Yugoslavia
ore Perii,YUG,Yugoslavia
ore Petronijevi,YUG,Yugoslavia
ore Stefanovi,YUG,Yugoslavia
ore uri,SCG,Serbia and Montenegro
ore Viacki,SCG,Serbia and Montenegro
Otakar Lada,BOH,Bohemia
Otakar paniel,BOH,Bohemia
Otakar vork,BOH,Bohemia
Oto Pustoslemek,YUG,Yugoslavia
Oto Rebula,YUG,Yugoslavia
Otto Hahnel-Kohout,BOH,Bohemia
Ozren Boi,YUG,Yugoslavia
Pajo Ivoevi,IOA,Individual Olympic Athletes
Pako karica,YUG,Yugoslavia
"Pan-To ""Barton"" Lui",HKG,Hong Kong
Paola Vittoria,ANT,Antigua and Barbuda
Pat Kwok Wai,HKG,Hong Kong
"Patricia ""Tricia"" Duncan",ISV,Virgin Islands
"Patrick ""Pat"" Gellineau",TTO,Trinidad and Tobago
"Patrick ""Pat"" Marshall",TTO,Trinidad and Tobago
"Patrick Aloysius ""Paddy"" McCue",ANZ,Australasia
Patrick Delice,TTO,Trinidad and Tobago
"Patrick Michael ""Mike"" Field",HKG,Hong Kong
Patrick Spencer,ANT,Antigua and Barbuda
Paul Anthony Zar,ISV,Virgin Islands
Paul Dielemans,AHO,Netherlands Antilles
Paul Foreman,WIF,West Indies Federation
Paul Newallo,TTO,Trinidad and Tobago
Paul P. J. Cooper,HKG,Hong Kong
Paul Richards,ANT,Antigua and Barbuda
Paul Stoeken,ISV,Virgin Islands
Paulo Amotun Lokoro,ROT,Refugee Olympic Team
Pavao Marti,YUG,Yugoslavia
"Pavle ""Pavao"" Juri",YUG,Yugoslavia
Pavle Bajeti,YUG,Yugoslavia
Pavle ovljanski,YUG,Yugoslavia
Pedro Basiano Matro,AHO,Netherlands Antilles
Per Alton Dohm,ISV,Virgin Islands
Perica Buki,YUG,Yugoslavia
Perica Vlai,YUG,Yugoslavia
Peroslav Ferkovi,YUG,Yugoslavia
"Petar ""Pedro"" Goi",YUG,Yugoslavia
Petar Baji,YUG,Yugoslavia
Petar Cuci,YUG,Yugoslavia
Petar egedin,YUG,Yugoslavia
Petar egvi,YUG,Yugoslavia
Petar Fajfri,YUG,Yugoslavia
Petar Kapisoda,SCG,Serbia and Montenegro
Petar Klofutar,YUG,Yugoslavia
Petar Milo,YUG,Yugoslavia
Petar Ozreti,YUG,Yugoslavia
Petar Popovi,SCG,Serbia and Montenegro
Petar Radenkovi,YUG,Yugoslavia
Petar Sibinkich,SCG,Serbia and Montenegro
Petar Skansi,YUG,Yugoslavia
Petar Trbojevi,SCG,Serbia and Montenegro
Petar Vukievi,YUG,Yugoslavia
"Peter Augustus Rull, Jr.",HKG,Hong Kong
"Peter Augustus Rull, Sr.",HKG,Hong Kong
Peter B. Jackson,ISV,Virgin Islands
Peter David Hogan,ISV,Virgin Islands
Peter Eren,YUG,Yugoslavia
Peter Guzelj,YUG,Yugoslavia
Peter J. R. Gamble,HKG,Hong Kong
Peter Lakota,YUG,Yugoslavia
Peter Mahne,YUG,Yugoslavia
Peter tefani,YUG,Yugoslavia
Peter William Holmberg,ISV,Virgin Islands
Petra Bekaert,AHO,Netherlands Antilles
Philip Yousef Elhage,AHO,Netherlands Antilles
Philipine van Aanholt,IOA,Individual Olympic Athletes
"Phillip Patrick ""Phil"" Carmichael",ANZ,Australasia
Phillip Richardson,TTO,Trinidad and Tobago
Pieter Sand Lehrer,ANT,Antigua and Barbuda
piro Grubii,YUG,Yugoslavia
Polo Dornik,YUG,Yugoslavia
"Poo Yee ""Cordia"" Tsoi",HKG,Hong Kong
Poon Lok Yan,HKG,Hong Kong
Popole Misenga,ROT,Refugee Olympic Team
"Predrag ""Peja"" Drobnjak",SCG,Serbia and Montenegro
"Predrag ""Peja"" Stojakovi",SCG,Serbia and Montenegro
Predrag Danilovi,SCG,Serbia and Montenegro
Predrag Filipovi,SCG,Serbia and Montenegro
Predrag Joki,SCG,Serbia and Montenegro
Predrag Kovaevi,YUG,Yugoslavia
Predrag Manojlovi,YUG,Yugoslavia
Predrag Milo,YUG,Yugoslavia
Predrag Momirovi,SCG,Serbia and Montenegro
Predrag Sari,YUG,Yugoslavia
Predrag Spasi,YUG,Yugoslavia
Predrag Timko,YUG,Yugoslavia
Predrag Zimonji,SCG,Serbia and Montenegro
Primo erin,YUG,Yugoslavia
Primo Ulaga,YUG,Yugoslavia
Priscilla Frederick,ANT,Antigua and Barbuda
Prvoslav Ili,YUG,Yugoslavia
Prvoslav Mihajlovi,YUG,Yugoslavia
Quinn Wheeler,ISV,Virgin Islands
Raafat Helmi Attia,UAR,United Arab Republic
Rade Sura,YUG,Yugoslavia
Radia ubri,IOA,Individual Olympic Athletes
Radislav Pavievi,YUG,Yugoslavia
Radivoj Kora,YUG,Yugoslavia
Radivoj Krivokapi,YUG,Yugoslavia
"Radmila ""Rada"" Savi",YUG,Yugoslavia
Radmila Drljaa (-Savi),YUG,Yugoslavia
Rado Isteni,YUG,Yugoslavia
Rado ubri,YUG,Yugoslavia
Radojka Francoti,YUG,Yugoslavia
"Radomir ""Rade"" Radovanovi",YUG,Yugoslavia
Radomir Kovaevi,YUG,Yugoslavia
Radovan Boin,YUG,Yugoslavia
Radovan Malevi,YUG,Yugoslavia
Radovan Radovi,YUG,Yugoslavia
Rafer Mohammed,TTO,Trinidad and Tobago
Raid emedinovi,YUG,Yugoslavia
Rajko ii,YUG,Yugoslavia
Rajko Jokanovi,SCG,Serbia and Montenegro
Rajko Kui,YUG,Yugoslavia
Rajko Lotri,YUG,Yugoslavia
Rajko Miti,YUG,Yugoslavia
Rajko ubri,YUG,Yugoslavia
Rajmond Debevec,YUG,Yugoslavia
Rami Anis,ROT,Refugee Olympic Team
Ramiro Fermin,AHO,Netherlands Antilles
Ranko Perovi,SCG,Serbia and Montenegro
Rao Vucini,SCG,Serbia and Montenegro
Raphaelynne Lee,HKG,Hong Kong
Rastko Poljak,YUG,Yugoslavia
Ratko Nikoli,SCG,Serbia and Montenegro
Ratko Radovanovi,YUG,Yugoslavia
Ratko Rudi,YUG,Yugoslavia
Ratko urkovi,SCG,Serbia and Montenegro
Rato Tvrdi,YUG,Yugoslavia
Rawle Hamilton D. Barrow,TTO,Trinidad and Tobago
Raymond Alfred Heerenveen,AHO,Netherlands Antilles
Raymond Fabien,TTO,Trinidad and Tobago
Razija Mujanovi (-Gibanica),YUG,Yugoslavia
Redep Redepovski,YUG,Yugoslavia
Refik abadovi,YUG,Yugoslavia
Refik Memievi,YUG,Yugoslavia
Regild C. Dos Remedios,HKG,Hong Kong
Regild de Windt,IOA,Individual Olympic Athletes
"Regild Leslie ""Snowy"" Baker",ANZ,Australasia
Rejmon Horo,YUG,Yugoslavia
Renco Posinkovi,YUG,Yugoslavia
Renny Quow,TTO,Trinidad and Tobago
Reuben Recaldo Appleton,ANT,Antigua and Barbuda
Rexford Tullius,ISV,Virgin Islands
Reyare Thomas,TTO,Trinidad and Tobago
Rhonda Watkins,TTO,Trinidad and Tobago
Ricardo Liddie,SKN,Turks and Caicos Islands
Richard B. Griffin,ISV,Virgin Islands
"Richard J. ""Dick"" Holmberg",ISV,Virgin Islands
Richard John Bennett,TTO,Trinidad and Tobago
Richard John Bennett,WIF,West Indies Federation
Richard Rader,ISV,Virgin Islands
Richard Thompson,TTO,Trinidad and Tobago
"Richard W. ""Dick"" Johnson",ISV,Virgin Islands
Risto Darlev,YUG,Yugoslavia
Rita Hendricks,ISV,Virgin Islands
"Robert ""Bob"" Loh",HKG,Hong Kong
Robert an,YUG,Yugoslavia
"Robert Arthur ""Bob"" Fowler",NFL,Newfoundland
Robert ebenik,YUG,Yugoslavia
Robert Farrell,TTO,Trinidad and Tobago
Robert Frances Marsh,ANT,Antigua and Barbuda
Robert George Krulock Waley,ANZ,Australasia
Robert Guy,TTO,Trinidad and Tobago
Robert Katrun,YUG,Yugoslavia
"Robert N. ""Bob"" McAuliffe",ISV,Virgin Islands
Robert Peters,ANT,Antigua and Barbuda
"Robert Robertson ""Bob"" Craig",ANZ,Australasia
Robert Samuel Elliott,HKG,Hong Kong
Roberto Lindeborg,AHO,Netherlands Antilles
Robyn Lamsam,HKG,Hong Kong
Rochelle Thomas,ISV,Virgin Islands
Rodion Rosko Davelaar,AHO,Netherlands Antilles
Rodney Adolphus Wilkes,TTO,Trinidad and Tobago
Roger Berkeley Fitzhardinge,ANZ,Australasia
Roger Patrick Gibbon,TTO,Trinidad and Tobago
Roger Peter Daniel,TTO,Trinidad and Tobago
Rok Kopitar,YUG,Yugoslavia
Rok Petrovi,YUG,Yugoslavia
Roland Melis,AHO,Netherlands Antilles
Roland Miloevi,YUG,Yugoslavia
Roland Scott,ISV,Virgin Islands
Rolando Punik,YUG,Yugoslavia
"Rold ""Ronnie"" Holassie",TTO,Trinidad and Tobago
Rold Cassidy,TTO,Trinidad and Tobago
Rold E. Russell,ISV,Virgin Islands
Rold Joseph,ISV,Virgin Islands
Rold Lopatny,YUG,Yugoslavia
Rold Pickard,ISV,Virgin Islands
"Rold S. ""Ron"" Monsegue",TTO,Trinidad and Tobago
Roman Ambroi,YUG,Yugoslavia
Roman Leek,YUG,Yugoslavia
Roman Seljak,YUG,Yugoslavia
Roman Smolej,YUG,Yugoslavia
Romano Bajlo,YUG,Yugoslavia
Rondell Kelvin Sorillo,TTO,Trinidad and Tobago
Rory Gonsalves,ANT,Antigua and Barbuda
Rose thike Lokonyen,ROT,Refugee Olympic Team
"Roy Anthony ""Tony"" Bridge",WIF,West Indies Federation
Rua Vojsk,YUG,Yugoslavia
Rudi Hiti,YUG,Yugoslavia
"Rudolf ""Rudi"" Knez",YUG,Yugoslavia
"Rudolf ""Rudi"" Valeni",YUG,Yugoslavia
Rudolf Belin,YUG,Yugoslavia
"Rudolf Ernst ""Rudy"" Monk Sofia",AHO,Netherlands Antilles
Rudolf Galin,YUG,Yugoslavia
Rudolf Markui,YUG,Yugoslavia
Rudolf Milan Truban,YUG,Yugoslavia
Rudolf Richter,BOH,Bohemia
Rudolf Rupec,YUG,Yugoslavia
Rudolf Vuk,YUG,Yugoslavia
"Rudolph B. ""Rudy"" Thompson",ISV,Virgin Islands
"Rudolph T. ""Rudy"" Reid",TTO,Trinidad and Tobago
Rui Ayres da Silva,HKG,Hong Kong
Ruperta Charles,ANT,Antigua and Barbuda
Russell B. Johnson,ISV,Virgin Islands
Ruth Leo Morris,ISV,Virgin Islands
Saa Mimi,YUG,Yugoslavia
Saa Molr,YUG,Yugoslavia
Saa Obradovi,SCG,Serbia and Montenegro
Saa Vujani,SCG,Serbia and Montenegro
Sabit Hadi,YUG,Yugoslavia
Sabri Gole (-Babic),YUG,Yugoslavia
Sadik Mujki,YUG,Yugoslavia
Safer Sali (Saliovski),YUG,Yugoslavia
Sahim Saleh Mehdi,YMD,South Yemen
Salah Shokweir,UAR,United Arab Republic
Saleh Ibrahim,UAR,United Arab Republic
Salim Mohammed,TTO,Trinidad and Tobago
Salvador Sanpere,ISV,Virgin Islands
Samantha June Lam,HKG,Hong Kong
Samantha Roberts,ANT,Antigua and Barbuda
Sameh Abdel Rahman,UAR,United Arab Republic
Sanda Dubravi (-imunjak),YUG,Yugoslavia
Sandi Pape,YUG,Yugoslavia
Sanja Oegovi (-Gobac),YUG,Yugoslavia
Sao Mirjani,YUG,Yugoslavia
"Sarah Frances ""Fanny"" Durack (-Gately)",ANZ,Australasia
Sarinder Singh Dillon,HKG,Hong Kong
Sasha Springer-Jones,TTO,Trinidad and Tobago
Saud Habib,IOA,Individual Olympic Athletes
Sava Anti,YUG,Yugoslavia
Sayed Mahmoud El-has,UAR,United Arab Republic
Scott Newkirk,ISV,Virgin Islands
Sead Marui,YUG,Yugoslavia
Seba Johnson,ISV,Virgin Islands
Sebastien Paddington,TTO,Trinidad and Tobago
Sed Rizvanovi,IOA,Individual Olympic Athletes
Sejad Krdali,YUG,Yugoslavia
Selim El-Sayed,UAR,United Arab Republic
Semir Tuce,YUG,Yugoslavia
Semoy Kee-Ann Hackett,TTO,Trinidad and Tobago
Sergio Murray,AHO,Netherlands Antilles
Sharntelle Sharon Tamika Cyren McLean,TTO,Trinidad and Tobago
Shek Wai Hung,HKG,Hong Kong
Shelley Katherine Cramer (-Persinger),ISV,Virgin Islands
Sherridan Kirk,TTO,Trinidad and Tobago
Shiva Keshavan,IOA,Individual Olympic Athletes
"Shu Kee ""Steve"" Yuen",HKG,Hong Kong
Siegfried Merced Regales,AHO,Netherlands Antilles
Silvester Taka,YUG,Yugoslavia
Silvija Erdelji,SCG,Serbia and Montenegro
Silvo Poljanek,YUG,Yugoslavia
Simeon utev,YUG,Yugoslavia
Simo Nikoli,YUG,Yugoslavia
Simo Vai,YUG,Yugoslavia
Simon Fraser,ANZ,Australasia
Simon Patrick Ellis,HKG,Hong Kong
Simon Pierre,TTO,Trinidad and Tobago
Simon Vukevi,SCG,Serbia and Montenegro
"Sin Lam ""Sonia"" Lo",HKG,Hong Kong
"Sin Wing ""Caroline"" Chiu",HKG,Hong Kong
Sinia Belamari,YUG,Yugoslavia
Sinia Pea,SCG,Serbia and Montenegro
Sinia Rutei,YUG,Yugoslavia
Sinia Tubi,YUG,Yugoslavia
Sinia ugi,SCG,Serbia and Montenegro
Siobhan Trichelle Cropper,TTO,Trinidad and Tobago
Siobhn Berdette Haughey,HKG,Hong Kong
Sium bin Diau,NBO,North Borneo
Slaa Goli,YUG,Yugoslavia
Slaan Ili,YUG,Yugoslavia
Slava Zupani,YUG,Yugoslavia
Slaven Zambata,YUG,Yugoslavia
Slavenko Liki,YUG,Yugoslavia
Slavia Kundai,YUG,Yugoslavia
Slavia Vrane,SCG,Serbia and Montenegro
Slavica Djuki,YUG,Yugoslavia
Slavica Jeremi,YUG,Yugoslavia
Slavica Peikoza,YUG,Yugoslavia
Slavica Rini,YUG,Yugoslavia
Slavica uka,YUG,Yugoslavia
Slavin Cindri,YUG,Yugoslavia
Slavko Beravs,YUG,Yugoslavia
Slavko Janjuevi,YUG,Yugoslavia
Slavko Koleti,YUG,Yugoslavia
Slavko Kurbanovi,YUG,Yugoslavia
Slavko Lukanc,YUG,Yugoslavia
Slavko Obadov,YUG,Yugoslavia
Slavko pan,YUG,Yugoslavia
Slavko Sikiri,YUG,Yugoslavia
Slawee Kadir,HKG,Hong Kong
Slobodan Bokan,SCG,Serbia and Montenegro
Slobodan Brankovi,IOA,Individual Olympic Athletes
Slobodan Brankovi,YUG,Yugoslavia
Slobodan Dijakovi,YUG,Yugoslavia
Slobodan Gordi,YUG,Yugoslavia
Slobodan Gruji,IOA,Individual Olympic Athletes
Slobodan Gruji,SCG,Serbia and Montenegro
Slobodan ivojinovi,YUG,Yugoslavia
Slobodan Jovanovi,YUG,Yugoslavia
Slobodan Kaar,YUG,Yugoslavia
Slobodan Kiovi,YUG,Yugoslavia
Slobodan Kova,SCG,Serbia and Montenegro
Slobodan Kuzmanovski,YUG,Yugoslavia
Slobodan Lozani,YUG,Yugoslavia
Slobodan Mikovi,YUG,Yugoslavia
Slobodan Niki,SCG,Serbia and Montenegro
Slobodan Paunovi,YUG,Yugoslavia
Slobodan Pavlovi,YUG,Yugoslavia
Slobodan Popovi,IOA,Individual Olympic Athletes
Slobodan Popovi,YUG,Yugoslavia
Slobodan Spasi,SCG,Serbia and Montenegro
Slobodan Trifunovi,YUG,Yugoslavia
Slobodanka olovi,YUG,Yugoslavia
Snea Danetovi (Ristivojevi-),YUG,Yugoslavia
Snea Hrepevnik,YUG,Yugoslavia
So Kam Tong,HKG,Hong Kong
So Sau Wah,HKG,Hong Kong
Sofija Peki,YUG,Yugoslavia
Song Ah Sim,HKG,Hong Kong
Sonia Olivia Williams,ANT,Antigua and Barbuda
Sonja Roman,YUG,Yugoslavia
Sonja Stoli,SCG,Serbia and Montenegro
Soraima Martha,AHO,Netherlands Antilles
Sparkle McKnight,TTO,Trinidad and Tobago
Spasoje Samardi,YUG,Yugoslavia
Sran Marilovi,IOA,Individual Olympic Athletes
Sran Mukatirovi,IOA,Individual Olympic Athletes
Sran Radonji,SCG,Serbia and Montenegro
Sran Savi,YUG,Yugoslavia
Srebrenko Repi,YUG,Yugoslavia
Sreko Katanec,YUG,Yugoslavia
Sreko Pejovi,YUG,Yugoslavia
Sreta Novii,YUG,Yugoslavia
Sreten Damjanovi,YUG,Yugoslavia
Sreten Dragojlovi,YUG,Yugoslavia
Sreten Stefanovi,YUG,Yugoslavia
St. Clair Soleyne,ANT,Antigua and Barbuda
Stane Bervar,YUG,Yugoslavia
Stane Derganc,YUG,Yugoslavia
Stane Hlastan,YUG,Yugoslavia
Stane ili,YUG,Yugoslavia
Stania Radmanovi,YUG,Yugoslavia
"Stanislav ""Stane"" porn",YUG,Yugoslavia
"Stanko ""Stane"" Kmet",YUG,Yugoslavia
"Stanko ""Stane"" Perpar",YUG,Yugoslavia
Stanko Despot,YUG,Yugoslavia
Stanko Lopati,YUG,Yugoslavia
Stanko Lorger,YUG,Yugoslavia
Stanko Milo,YUG,Yugoslavia
Stanko Tavar,YUG,Yugoslavia
Stanko Topolnik,YUG,Yugoslavia
Stann Waithe,TTO,Trinidad and Tobago
Stedroy Franklin Braithwaite,ANT,Antigua and Barbuda
Stephanie McKnight,ISV,Virgin Islands
"Stephen ""Steve"" Brown",TTO,Trinidad and Tobago
"Stevan ",YUG,Yugoslavia
Stevan Horvat,YUG,Yugoslavia
Stevan Pavlovi,YUG,Yugoslavia
Stevan Pletikosi,IOA,Individual Olympic Athletes
Stevan Pletikosi,SCG,Serbia and Montenegro
Stevan Redli,YUG,Yugoslavia
Stevan Stojanovi,YUG,Yugoslavia
Stevan Zori,IOA,Individual Olympic Athletes
Stevan Zori,SCG,Serbia and Montenegro
Steven Newkirk,ISV,Virgin Islands
Stevo Macura,YUG,Yugoslavia
Stipan Dora,YUG,Yugoslavia
Stipe Krnevi,YUG,Yugoslavia
Stjepan Bobek,YUG,Yugoslavia
Stjepan Boltiar,YUG,Yugoslavia
Stjepan Deveri,YUG,Yugoslavia
Stjepan Ljubi,YUG,Yugoslavia
Stjepan Obran,YUG,Yugoslavia
Stjepan Prauhardt,YUG,Yugoslavia
Stjepan Vrbani,YUG,Yugoslavia
Stoj Vangelovska,YUG,Yugoslavia
"Stojan ""Stojko"" Vrankovi",YUG,Yugoslavia
Stojan Moderc,YUG,Yugoslavia
Streko tigli,YUG,Yugoslavia
Stuart Henry Poulter,ANZ,Australasia
Suad Karajica,YUG,Yugoslavia
Suza iri,IOA,Individual Olympic Athletes
Suza iri,SCG,Serbia and Montenegro
Sven Merkel,HKG,Hong Kong
Sven Petersen,ISV,Virgin Islands
Svetla Astasovski-Obui,YUG,Yugoslavia
Svetla Dai-Kiti,YUG,Yugoslavia
Svetla Mii,YUG,Yugoslavia
Svetla Mugoa-Anti,YUG,Yugoslavia
Sveto Drenovac,YUG,Yugoslavia
Svetomir Beli,YUG,Yugoslavia
Svetozar Vujovi,YUG,Yugoslavia
"Sydney Albert ""Syd"" Middleton",ANZ,Australasia
Sze Hang Yu,HKG,Hong Kong
taa Bajin-ljepica,YUG,Yugoslavia
taa Kolega,YUG,Yugoslavia
taa Mekovska,IOA,Individual Olympic Athletes
taa Urbani (-Bezjak),YUG,Yugoslavia
Tabarie Joil Henry,ISV,Virgin Islands
Tadija Kaar,YUG,Yugoslavia
Taha Hassouba,UAR,United Arab Republic
Tahir Jelani Walsh,ANT,Antigua and Barbuda
"Tak Chuen ""Terence"" Lam",HKG,Hong Kong
"Tak Sum ""Sam"" Wong",HKG,Hong Kong
Tam Chi Kin,HKG,Hong Kong
Tam Kai Chuen,HKG,Hong Kong
Tamara Gail Wigley (-Brudy),SKN,Turks and Caicos Islands
Tamara Maleev,IOA,Individual Olympic Athletes
Tamara Savi-otra,IOA,Individual Olympic Athletes
Tamara Savi-otra,SCG,Serbia and Montenegro
Tameka Williams,SKN,Turks and Caicos Islands
Tan Chin Kee,HKG,Hong Kong
Tang Chiu Mang,HKG,Hong Kong
Tang Hon Sing,HKG,Hong Kong
Tang Kam Man,HKG,Hong Kong
Tang Kei Shan,HKG,Hong Kong
Tang Kwok Cheung,HKG,Hong Kong
Tang Kwong Hau,HKG,Hong Kong
Tang Peng,HKG,Hong Kong
Tang Wing Keung,HKG,Hong Kong
Tang Yik Chun,HKG,Hong Kong
Tanja uti (-Kober),YUG,Yugoslavia
tasa Douchev-Janics,SCG,Serbia and Montenegro
tasha Lynette Barbara Alleyne (-Gibson),TTO,Trinidad and Tobago
tasha Terri Wing Yung Tang,HKG,Hong Kong
Tasije Kuvalja,YUG,Yugoslavia
Tatja Lojanica,SCG,Serbia and Montenegro
Tatja Smolnikar,YUG,Yugoslavia
Tavevele Noa,TUV,Tuvalu
tefan Roba,YUG,Yugoslavia
tefan Seme,YUG,Yugoslavia
Terence W. Steele,HKG,Hong Kong
Tereza Koi,YUG,Yugoslavia
"Theodore ""Theo"" Tartakover",ANZ,Australasia
Thomas Barrows III,ISV,Virgin Islands
Thomas Charles Parker,ANZ,Australasia
"Thomas James ""Tom"" Richards",ANZ,Australasia
"Thomas Sydney ""Tom"" Griffin",ANZ,Australasia
Tiandra Tamika Ponteen,SKN,Turks and Caicos Islands
"Tie Ya ",HKG,Hong Kong
Tihomir Ognjanov,YUG,Yugoslavia
"Timothy ""Tim"" Kelbert",ISV,Virgin Islands
"Timothy ""Tim"" Pitts",ISV,Virgin Islands
Timothy Henry Parsons,HKG,Hong Kong
Todd R. Schultz,ISV,Virgin Islands
Todor Veselinovi,YUG,Yugoslavia
Toma Cerkovnik,YUG,Yugoslavia
Toma Dolar,YUG,Yugoslavia
Toma iman,YUG,Yugoslavia
Toma Jemc,YUG,Yugoslavia
Toma Lepa,YUG,Yugoslavia
"Tomislav ""Tomo"" estak",YUG,Yugoslavia
Tomislav Crnkovi,YUG,Yugoslavia
Tomislav Franjkovi,YUG,Yugoslavia
Tomislav Ivkovi,YUG,Yugoslavia
Tomislav Kelava,YUG,Yugoslavia
Tomislav Knez,YUG,Yugoslavia
Tomislav Krizmani,YUG,Yugoslavia
Tomislav Lopati,YUG,Yugoslavia
Tomislav Pakvalin,YUG,Yugoslavia
Tone Deman,YUG,Yugoslavia
Tone Razinger,YUG,Yugoslavia
Tone urii,YUG,Yugoslavia
Tong King King,HKG,Hong Kong
Toni Kuko,YUG,Yugoslavia
Trace Alexander Tervo,ISV,Virgin Islands
Trajko Rajkovi,YUG,Yugoslavia
Trevor Fitzroy James,TTO,Trinidad and Tobago
Trifun ivanovi,SCG,Serbia and Montenegro
Tsang Wing Sze,HKG,Hong Kong
Tsang Yi Ming,HKG,Hong Kong
Tse Ying Suet,HKG,Hong Kong
Tso Hok Young,HKG,Hong Kong
Tsoi Ngai Wan,HKG,Hong Kong
Tsui Chi Ho,HKG,Hong Kong
Tuau Lapua Lapua,TUV,Tuvalu
Tung Chun Mei,HKG,Hong Kong
Ty Shannon Brodie,ANT,Antigua and Barbuda
ula Meter,SCG,Serbia and Montenegro
ula Sabo,YUG,Yugoslavia
"ura ""urica"" Bjedov",YUG,Yugoslavia
ura Foi,YUG,Yugoslavia
uro Dukanovi,YUG,Yugoslavia
uro Frojnd (Freund),YUG,Yugoslavia
uro Gapar,YUG,Yugoslavia
Uro Marovi,YUG,Yugoslavia
uro Ostoji,SCG,Serbia and Montenegro
uro Savinovi,YUG,Yugoslavia
uro Senteri,YUG,Yugoslavia
V. Boulakakis,CRT,Crete
Valenti Ataskovski,YUG,Yugoslavia
"Valentin ""Tine"" Mulej",YUG,Yugoslavia
Valma Bass,SKN,Turks and Caicos Islands
Valter Bo,YUG,Yugoslavia
Vanja (Franjo-) Udovii,SCG,Serbia and Montenegro
Vanja Mieta,IOA,Individual Olympic Athletes
Vasa Miji,SCG,Serbia and Montenegro
Vasja Bajc,YUG,Yugoslavia
Vaso Komneni,YUG,Yugoslavia
Vaso Suboti,SCG,Serbia and Montenegro
Vclav Hradeck,BOH,Bohemia
Vclav Labk-Gregan,BOH,Bohemia
Vclav Nov,BOH,Bohemia
Vclav Tintra,BOH,Bohemia
Velia Mugoa,YUG,Yugoslavia
Velibor Nedi,YUG,Yugoslavia
Velimir Ili,YUG,Yugoslavia
Velimir Sombolac,YUG,Yugoslavia
Velimir Valenta,YUG,Yugoslavia
Veljko Bakaun,YUG,Yugoslavia
Veljko rani,YUG,Yugoslavia
Veljko Rogoi,YUG,Yugoslavia
Veljko Uroevi,SCG,Serbia and Montenegro
Veljko Uskokovi,SCG,Serbia and Montenegro
Vera Jeftimijades (-Jobst),YUG,Yugoslavia
Vera Neferovi,YUG,Yugoslavia
Vera Nikoli (-asi),YUG,Yugoslavia
Vera Romani (-Mliri),YUG,Yugoslavia
Vera urakovi,YUG,Yugoslavia
Vernon Rold Stauble,TTO,Trinidad and Tobago
Veronika arec,YUG,Yugoslavia
Ves Bajkua,YUG,Yugoslavia
Ves Despotovi,YUG,Yugoslavia
Ves Dunimagloska,YUG,Yugoslavia
Ves Miloevi (-Petrovi),YUG,Yugoslavia
Ves Radovi,YUG,Yugoslavia
Veselin Petrovi,YUG,Yugoslavia
Veselin uho,YUG,Yugoslavia
Veselin Vujovi,YUG,Yugoslavia
Veselin Vukovi,YUG,Yugoslavia
"Vicentije ""Vice"" Jurii",YUG,Yugoslavia
Victor Ramos,IOA,Individual Olympic Athletes
Vid Faai,YUG,Yugoslavia
Vida Gerbec,YUG,Yugoslavia
Viktor jder,YUG,Yugoslavia
Viktor Jeleni,SCG,Serbia and Montenegro
Viktor Ravnik,YUG,Yugoslavia
Viktor Tiler,YUG,Yugoslavia
Vilim Messner,YUG,Yugoslavia
"Vilm Alois Maria August Goppold z Lobsdorfu, Jr.",BOH,Bohemia
"Vilm Ladislav Jan Goppold z Lobsdorfu, Sr.",BOH,Bohemia
Vilm Tvrzsk,BOH,Bohemia
Vinka Jerievi,YUG,Yugoslavia
Vinko Cvjetkovi,YUG,Yugoslavia
Vinko Galui,YUG,Yugoslavia
Vinko Jelovac,YUG,Yugoslavia
Vinko Poloni,YUG,Yugoslavia
Vinko Rosi,YUG,Yugoslavia
Vinko Valentar,YUG,Yugoslavia
Virgil Hodge,SKN,Turks and Caicos Islands
Vital Eiselt,YUG,Yugoslavia
Vjekoslav Skalak,YUG,Yugoslavia
Vjekoslav upani,YUG,Yugoslavia
Vladan Markovi,SCG,Serbia and Montenegro
Vladan Mati,SCG,Serbia and Montenegro
Vladan orevi,SCG,Serbia and Montenegro
Vlade Divac,SCG,Serbia and Montenegro
Vlade Divac,YUG,Yugoslavia
Vladeta Risti,YUG,Yugoslavia
"Vladimir ""Vlada"" Vujasinovi",SCG,Serbia and Montenegro
"Vladimir ""Vlado"" Brinovec",YUG,Yugoslavia
"Vladimir ""Vlado"" Smokvi",YUG,Yugoslavia
Vladimir Banjac,IOA,Individual Olympic Athletes
Vladimir Banjac,YUG,Yugoslavia
Vladimir Batez,SCG,Serbia and Montenegro
Vladimir Beara,YUG,Yugoslavia
Vladimir Bogoevski,YUG,Yugoslavia
Vladimir Cvetkovi,YUG,Yugoslavia
Vladimir D. Horvat,YUG,Yugoslavia
Vladimir Durkovi,YUG,Yugoslavia
Vladimir Gojkovi,SCG,Serbia and Montenegro
Vladimir Grbi,SCG,Serbia and Montenegro
Vladimir Grozdanovi,YUG,Yugoslavia
Vladimir Ignjatijevi,YUG,Yugoslavia
Vladimir Ivkovi,YUG,Yugoslavia
Vladimir Kajzelj,YUG,Yugoslavia
Vladimir Krsti,YUG,Yugoslavia
Vladimir Matijevi,YUG,Yugoslavia
Vladimir Mili,YUG,Yugoslavia
Vladimir Nekora,YUG,Yugoslavia
Vladimir Radmanovi,SCG,Serbia and Montenegro
Vladimir Seunig,YUG,Yugoslavia
Vladimir Trifunovi,YUG,Yugoslavia
Vladimir Turi,YUG,Yugoslavia
Vladimir Vinek,YUG,Yugoslavia
Vladimir Zrni,YUG,Yugoslavia
Vladimr Penc,BOH,Bohemia
Vladislav uki,YUG,Yugoslavia
Vlado aplji,YUG,Yugoslavia
Vlado Bojovi,YUG,Yugoslavia
Vlado epanovi,SCG,Serbia and Montenegro
Vlado Fumi,YUG,Yugoslavia
Vlado Jug,YUG,Yugoslavia
Vlado Lisjak,YUG,Yugoslavia
Vlastimil Lada-Szavsk,BOH,Bohemia
"Vojislav ""Vojo"" Vujevi",YUG,Yugoslavia
Vojislav Bela Torma,YUG,Yugoslavia
Vojislav Bela uzdi,YUG,Yugoslavia
Vojislav Goloin,YUG,Yugoslavia
Vojko Lajovec,YUG,Yugoslavia
Vojko Miroslav eravi,YUG,Yugoslavia
Vong Lu Veng,HKG,Hong Kong
Vujadin Bokov,YUG,Yugoslavia
Vujadin Stanojkovi,YUG,Yugoslavia
Vuk Raenovi,SCG,Serbia and Montenegro
Vukain Dobrainovi,YUG,Yugoslavia
Vukan Vuleti,SCG,Serbia and Montenegro
Vukica Miti (-Pljaki),YUG,Yugoslavia
Vukosava api,SCG,Serbia and Montenegro
Vule Avdalovi,SCG,Serbia and Montenegro
"Wai Chee ""Louisa"" Koon",HKG,Hong Kong
"Wai Kei ""Vicky"" Chan",HKG,Hong Kong
"Wai Leung ""Roger"" Kam",HKG,Hong Kong
"Wai Lok ""William"" To",HKG,Hong Kong
Wallace Williams,ISV,Virgin Islands
"Wan Hei ""Matthew"" Chan",HKG,Hong Kong
Wan Kin Yee,HKG,Hong Kong
Wan Shiu Ming,HKG,Hong Kong
"Wan Yiu ""Jamie"" Wong",HKG,Hong Kong
Wanda Hutson,TTO,Trinidad and Tobago
Wang Chen,HKG,Hong Kong
"Wang Yiu ""Snowie"" Pang",HKG,Hong Kong
Wayne Courtney Davis,TTO,Trinidad and Tobago
Wayne Thomas,ISV,Virgin Islands
Wendell Adrian Mottley,TTO,Trinidad and Tobago
Wendell Williams,TTO,Trinidad and Tobago
Weng Tak Fung,HKG,Hong Kong
Wilfred Modesto de Lanoi,AHO,Netherlands Antilles
Wilfred Oliver Tull,TTO,Trinidad and Tobago
Wilhelm Rudolf Canword,AHO,Netherlands Antilles
"Wilhelmi ""Mi"" Wylie",ANZ,Australasia
Willem Maduro,AHO,Netherlands Antilles
"William ""Bill"" Longworth",ANZ,Australasia
"William ""Bill"" Neill",ISV,Virgin Islands
William Allen Stewart,ANZ,Australasia
William Cleveland,ISV,Virgin Islands
William Henderson,ISV,Virgin Islands
William Hill,ANZ,Australasia
William Hill,HKG,Hong Kong
William M. Murray,ANZ,Australasia
William McKay Gillies,HKG,Hong Kong
William Peets,ISV,Virgin Islands
William Turnbull,HKG,Hong Kong
William Victor Aitken,ANZ,Australasia
Willys Desmond Heyliger,AHO,Netherlands Antilles
Wilton Jackson,TTO,Trinidad and Tobago
"Wing Biu ""Edward"" Ng",HKG,Hong Kong
"Wing Ki ""Vincent"" Wong",HKG,Hong Kong
"Wing Suet ""Sandy"" Chan",HKG,Hong Kong
Winston Attong,TTO,Trinidad and Tobago
Winston Short,TTO,Trinidad and Tobago
Wong Ching,HKG,Hong Kong
Wong Chun Fan,HKG,Hong Kong
Wong Fai,HKG,Hong Kong
Wong Kam Po,HKG,Hong Kong
Wong Kin Chung,HKG,Hong Kong
Wong Wai Lap,HKG,Hong Kong
Wong-Lau So Han,HKG,Hong Kong
Wu Ching Hui,HKG,Hong Kong
Wu Kin San,HKG,Hong Kong
Wu Tat Cheung,HKG,Hong Kong
Wu Xing Yao,HKG,Hong Kong
Wyndell Douglas Dickinson,ISV,Virgin Islands
Yaken Zaki Hussain,UAR,United Arab Republic
"Yan Kay ""Flora"" Kong",HKG,Hong Kong
Yang Fung,HKG,Hong Kong
Yang Wai Kam,HKG,Hong Kong
"Yee Lap ""Rod"" Lai",HKG,Hong Kong
Yeung Chui Ling,HKG,Hong Kong
Yeung Luen Lin,HKG,Hong Kong
"Yi Ming ""Tim"" He",HKG,Hong Kong
Yiech Pur Biel,ROT,Refugee Olympic Team
"Yin Fai ""Jerome"" Ko",HKG,Hong Kong
"Yin Yan ""Claudia"" Lau",HKG,Hong Kong
Yip Hor Man,HKG,Hong Kong
Yip Pui Yin,HKG,Hong Kong
"Yip Tsz Wa ""Yvonne""",HKG,Hong Kong
"Yiu Kit-Ching ""Christy""",HKG,Hong Kong
Yos Kinde,ROT,Refugee Olympic Team
Young Kwok Wai,HKG,Hong Kong
Yu Kau Wai,HKG,Hong Kong
"Yu Ning ""Elaine"" Chan",HKG,Hong Kong
Yu Wai Seung,HKG,Hong Kong
Yu Weili,HKG,Hong Kong
Yu Yuet,HKG,Hong Kong
Yuko Gordon (Hasegawa-),HKG,Hong Kong
Yung Yim King,HKG,Hong Kong
Yusra Mardini,ROT,Refugee Olympic Team
Zachary John Zoller,ISV,Virgin Islands
Zagorka Poekovi,YUG,Yugoslavia
Zdenek vigelj,YUG,Yugoslavia
Zdenk emla,BOH,Bohemia
Zdenk Hynek Brta,BOH,Bohemia
Zdenk Msteck,BOH,Bohemia
Zdenk Vvra,BOH,Bohemia
Zdenka Gapara,YUG,Yugoslavia
Zdenko Bala,YUG,Yugoslavia
Zdenko Bego,YUG,Yugoslavia
Zdenko Zorko,YUG,Yugoslavia
Zdravko Ceraj,YUG,Yugoslavia
Zdravko Divjak,YUG,Yugoslavia
Zdravko Gracin,YUG,Yugoslavia
Zdravko Hebel,YUG,Yugoslavia
Zdravko Hlebanja,YUG,Yugoslavia
Zdravko Huljev,YUG,Yugoslavia
Zdravko Jei,YUG,Yugoslavia
Zdravko Kulji,YUG,Yugoslavia
Zdravko Miljak,YUG,Yugoslavia
Zdravko Milutinovi,YUG,Yugoslavia
Zdravko Pear,YUG,Yugoslavia
Zdravko Radulovi,YUG,Yugoslavia
Zdravko Raenovi,YUG,Yugoslavia
Zdravko Stojni,YUG,Yugoslavia
Zdravko Zovko,YUG,Yugoslavia
Zdravko-iro Kovai,YUG,Yugoslavia
"Zhi Cheng ""Tiffany"" Chan",HKG,Hong Kong
Zia Hussain,HKG,Hong Kong
Zita Galic,YUG,Yugoslavia
Zlatan Arutovi,YUG,Yugoslavia
Zlatan Ibrahimbegovi,YUG,Yugoslavia
Zlatica Mijatovi,YUG,Yugoslavia
"Zlatko ""Zlatan"" Saraevi",YUG,Yugoslavia
Zlatko ajkovski,YUG,Yugoslavia
Zlatko Celent,YUG,Yugoslavia
Zlatko imenc,YUG,Yugoslavia
Zlatko Maek,YUG,Yugoslavia
Zlatko Papec,YUG,Yugoslavia
Zlatko Portner,YUG,Yugoslavia
Zlatko Vujovi,YUG,Yugoslavia
Zlatomir uvaki,YUG,Yugoslavia
Zmaj Defilipis,YUG,Yugoslavia
Zoran Galovi,IOA,Individual Olympic Athletes
Zoran Galovi,YUG,Yugoslavia
Zoran Gopevi,YUG,Yugoslavia
Zoran Ivanovi,YUG,Yugoslavia
Zoran ivkovi,YUG,Yugoslavia
Zoran Jankovi,YUG,Yugoslavia
Zoran Kai,YUG,Yugoslavia
Zoran Kalebi,YUG,Yugoslavia
Zoran Kalini,IOA,Individual Olympic Athletes
Zoran Kalini,YUG,Yugoslavia
Zoran Maroevi,YUG,Yugoslavia
Zoran Matkovi,YUG,Yugoslavia
Zoran Mustur,YUG,Yugoslavia
Zoran orov,IOA,Individual Olympic Athletes
Zoran orov,YUG,Yugoslavia
Zoran osi,YUG,Yugoslavia
Zoran Pani,YUG,Yugoslavia
Zoran Perui,YUG,Yugoslavia
Zoran Petrovi,YUG,Yugoslavia
Zoran Primorac,YUG,Yugoslavia
Zoran Roje,YUG,Yugoslavia
Zoran Savi,SCG,Serbia and Montenegro
Zoran Slavni,YUG,Yugoslavia
Zoran Sokolovi,YUG,Yugoslavia
Zoran urevi,SCG,Serbia and Montenegro
Zoran utura,YUG,Yugoslavia
Zoran Vujovi,YUG,Yugoslavia
Zorica Pavievi,YUG,Yugoslavia
Zorica urkovi,YUG,Yugoslavia
Zorica Vojinovi,YUG,Yugoslavia
Zulejka Stefanini (-Tuan),YUG,Yugoslavia
Zvone uvak,YUG,Yugoslavia
"Zvonimir ""Zvonko"" Petrievi",YUG,Yugoslavia
"Zvonimir ""Zvonko"" Sabolovi",YUG,Yugoslavia
"Zvonimir ""Zvonko"" Vujin",YUG,Yugoslavia
Zvonimir Serdarui,YUG,Yugoslavia
"Zvonko ""Antun"" Bezjak",YUG,Yugoslavia
Zvonko Cimermani,YUG,Yugoslavia
