﻿AHO,Curacao,177,76.1764705882353
ANG,Angola,178,74.1428571428571
ARG,Argentina,176,73.9602529358627
AUS,Australia,176,72.3468740561764
AUT,Austria,177,73.6410256410256
BAH,Bahamas,177,73.1652421652422
BAR,Barbados,176,72.7696335078534
BER,Bermuda,177,74.0601503759399
BIH,Bosnia and Herzegovina,178,76.7767857142857
BRA,Brazil,177,72.5378335949764
BUR,Burkina Faso,176,72.4324324324324
CAY,Cayman Islands,179,75
CIV,Ivory Coast,176,71.5189873417721
CRO,Croatia,183,81.6263473053892
CYP,Cyprus,176,71.1989528795812
CZE,Czech Republic,178,73.2668449197861
DEN,Denmark,179,73.8080985915493
EGY,Egypt,178,76.7241379310345
EST,Estonia,179,74.4650127226463
EUN,Russia,177,72.8748251748252
FIJ,Fiji,177,76.1787439613527
FRG,Germany,177,72.2984709480122
GER,Germany,177,72.3737166324435
GRE,Greece,176,73.2533156498674
GUM,Guam,176,74.2073170731707
IOA,Individual Olympic Athletes,177,73.2941176470588
ISL,Iceland,181,78.31220657277
ISV,"Virgin Islands, US",177,73.3430962343096
IVB,"Virgin Islands, British",178,72.5526315789474
KGZ,Kyrgyzstan,178,73.215
LAT,Latvia,179,78.1997422680412
LTU,Lithuania,182,78.220910623946
MDA,Moldova,176,72.9864864864865
MLI,Mali,179,74.8888888888889
MNE,Montenegro,183,84.8297872340426
MON,Monaco,176,77.0289855072464
NED,Netherlands,179,73.5240010726736
NOR,Norway,178,72.8405749754982
NZL,New Zealand,177,74.3051546391753
PAR,Paraguay,176,73.5841584158416
PUR,Puerto Rico,177,72.6620689655172
QAT,Qatar,178,74.3255813953488
RSA,South Africa,177,72.5491113189897
RUS,Russia,176,70.8439966763606
SCG,Serbia,187,83.1535947712418
SEN,Senegal,180,74.405325443787
SLO,Slovenia,177,72.0959302325581
SMR,San Marino,176,73.5414012738854
SRB,Serbia,184,80.1224489795918
SVK,Slovakia,178,73.775
SWE,Sweden,178,73.0949378998871
TGA,Tonga,179,84.1388888888889
TTO,Trinidad,176,72.6753623188406
TUN,Tunisia,178,74.2879078694818
URU,Uruguay,176,73.5489614243323
USA,USA,176,72.6358393698572
UZB,Uzbekistan,176,73.1953642384106
WIF,Trinidad,178,72.15
YUG,Serbia,178,75.1563260340633
