﻿Boxing Men's Flyweight,22,YOUNGER
Diving Men's Springboard,23,YOUNGER
Judo Men's Open Class,26,OLDER
Weightlifting Women's Middleweight,24,YOUNGER
Freestyle Skiing Men's Slopestyle,20,YOUNGER
Sailing Mixed 0.5-1 Ton,35,OLDER
Sailing Mixed Two Person Heavyweight Dinghy,28,OLDER
Taekwondo Men's Featherweight,23,YOUNGER
Canoeing Men's Kayak Relay 4 x 500 metres,25,YOUNGER
"Fencing Men's Sabre, Individual, Three Hits",28,OLDER
"Wrestling Men's Light-Heavyweight, Greco-Roman",26,OLDER
Figure Skating Women's Singles,19,YOUNGER
Athletics Women's Heptathlon,25,YOUNGER
Diving Women's Platform,21,YOUNGER
Boxing Men's Light-Flyweight,22,YOUNGER
"Wrestling Men's Welterweight, Greco-Roman",26,OLDER
Gymstics Women's Floor Exercise,19,YOUNGER
"Athletics Women's 1,500 metres",25,YOUNGER
"Cycling Women's Mountainbike, Cross-Country",28,OLDER
Swimming Men's 220 yard Freestyle,24,YOUNGER
Swimming Men's 100 metres Breaststroke,21,YOUNGER
Weightlifting Men's Super-Heavyweight,26,OLDER
Diving Women's Synchronized Platform,21,YOUNGER
Gymstics Women's Individual All-Around,19,YOUNGER
Golf Men's Individual,31,OLDER
"Ski Jumping Men's Large Hill, Team",23,YOUNGER
Athletics Women's 20 kilometres Walk,27,OLDER
Cross Country Skiing Women's Team Sprint,26,OLDER
"Wrestling Men's Featherweight, Greco-Roman",25,YOUNGER
Shooting Women's Trap,33,OLDER
"Wrestling Men's Light-Flyweight, Greco-Roman",23,YOUNGER
Boxing Men's Welterweight,23,YOUNGER
"Fencing Women's Foil, Team",25,YOUNGER
Athletics Women's Triple Jump,26,OLDER
Cricket Men's Cricket,29,OLDER
Sailing Mixed 18 foot,NULL,YOUNGER
Archery Men's Unknown Event,39,OLDER
"Shooting Men's Running Target, Double Shot, Team",38,OLDER
Rowing Women's Coxless Fours,24,YOUNGER
Snowboarding Women's Parallel Slalom,25,YOUNGER
"Tennis Men's Singles, Covered Courts",30,OLDER
Freestyle Skiing Women's Ski Cross,24,YOUNGER
Athletics Men's Shot Put,26,OLDER
Biathlon Women's 4 x 7.5 kilometres Relay,24,YOUNGER
"Athletics Men's Discus Throw, Greek Style",25,YOUNGER
Cycling Men's 5 mile,22,YOUNGER
Cross Country Skiing Men's 10/15 kilometres Pursuit,25,YOUNGER
Skeleton Men's Skeleton,30,OLDER
"Fencing Men's Sabre, Masters, Individual",33,OLDER
"Shooting Men's Military Rifle, Kneeling Or Standing, 300 metres",34,OLDER
Archery Men's Team Round,49,OLDER
"Shooting Men's Military Pistol, 25 metres",30,OLDER
Taekwondo Women's Heavyweight,23,YOUNGER
Athletics Women's Long Jump,24,YOUNGER
Gymstics Women's Balance Beam,19,YOUNGER
"Wrestling Women's Lightweight, Freestyle",25,YOUNGER
Swimming Women's 800 metres Freestyle,18,YOUNGER
"Athletics Men's Cross-Country, Individual",24,YOUNGER
Cycling Women's 500 metres Time Trial,25,YOUNGER
Modern Pentathlon Men's Individual,26,OLDER
Boxing Men's Bantamweight,22,YOUNGER
Swimming Men's 400 metres Individual Medley,20,YOUNGER
Weightlifting Men's Middleweight,25,YOUNGER
Gymstics Women's Team Portable Apparatus,22,YOUNGER
Badminton Women's Doubles,25,YOUNGER
"Shooting Men's Free Rifle, Three Positions, 300 metres",34,OLDER
Shooting Men's Double Trap,33,OLDER
Equestrianism Mixed Four-In-Hand Competition,40,OLDER
Cross Country Skiing Men's 30 kilometres,25,YOUNGER
Sailing Women's Windsurfer,27,OLDER
Athletics Men's 400 metres,23,YOUNGER
"Athletics Men's Javelin Throw, Both Hands",25,YOUNGER
"Equestrianism Men's Three-Day Event, Team",33,OLDER
"Shooting Men's Military Rifle, Any Position, 600 metres",35,OLDER
"Fencing Women's Sabre, Team",25,YOUNGER
"Shooting Men's Small-Bore Rifle, Any Position, 50 metres",35,OLDER
"Art Competitions Mixed Music, Unknown Event",36,OLDER
Athletics Men's Pentathlon,23,YOUNGER
"Wrestling Men's Lightweight, Freestyle",25,YOUNGER
Cross Country Skiing Women's Sprint,25,YOUNGER
Archery Men's Double American Round,49,OLDER
"Shooting Men's Running Target, Single And Double Shot",39,OLDER
Alpine Skiing Women's Super G,23,YOUNGER
Triathlon Women's Olympic Distance,27,OLDER
Figure Skating Mixed Ice Dancing,23,YOUNGER
"Art Competitions Mixed Painting, Paintings",48,OLDER
Cross Country Skiing Women's 5/5 kilometres Pursuit,26,OLDER
"Archery Men's Pole Archery, Small Birds, Individual",NULL,YOUNGER
"Canoeing Men's Cadian Doubles, 500 metres",25,YOUNGER
Cross Country Skiing Women's 5/10 kilometres Pursuit,25,YOUNGER
"Art Competitions Mixed Music, Compositions For Orchestra",38,OLDER
Athletics Men's Triple Jump,25,YOUNGER
"Athletics Men's Javelin Throw, Freestyle",24,YOUNGER
Athletics Men's 60 metres,22,YOUNGER
"Shooting Men's Small-Bore Rifle, Disappearing Target, 25 metres, Team",40,OLDER
"Canoeing Men's Folding Kayak Singles, 10 kilometres",25,YOUNGER
Football Women's Football,24,YOUNGER
Boxing Men's Super-Heavyweight,25,YOUNGER
Athletics Men's Javelin Throw,25,YOUNGER
Nordic Combined Men's Sprint,23,YOUNGER
Synchronized Swimming Women's Duet,22,YOUNGER
"Wrestling Men's Light-Heavyweight, Freestyle",26,OLDER
Swimming Men's Plunge For Distance,28,OLDER
Sailing Women's Three Person Keelboat,28,OLDER
Rowing Men's 6-Man val Rowing Boats,NULL,YOUNGER
Archery Women's Team Round,55,OLDER
Swimming Women's 100 metres Backstroke,18,YOUNGER
"Canoeing Men's Kayak Doubles, 1,000 metres",25,YOUNGER
"Archery Men's Target Archery, 50 metres, Team",45,OLDER
Archery Men's Double York Round,45,OLDER
Athletics Men's 56-pound Weight Throw,33,OLDER
Nordic Combined Men's Individual,24,YOUNGER
"Shooting Men's Free Rifle, 1,000 Yards",37,OLDER
Athletics Women's 4 x 100 metres Relay,23,YOUNGER
Swimming Women's 10 kilometres Open Water,23,YOUNGER
Modern Pentathlon Men's Team,26,OLDER
Croquet Mixed Doubles,18,YOUNGER
Taekwondo Men's Flyweight,23,YOUNGER
"Canoeing Men's Kayak Doubles, 500 metres",24,YOUNGER
"Equestrianism Men's Dressage, Individual",40,OLDER
"Gymstics Men's Individual All-Around, Field Sports",24,YOUNGER
Rowing Women's Coxless Pairs,25,YOUNGER
Archery Men's Individual,27,OLDER
"Shooting Men's Free Rifle, Prone, 600 metres",37,OLDER
"Gymstics Men's Individual All-Around, 5 Events",25,YOUNGER
"Archery Men's Pole Archery, Large Birds, Individual",NULL,YOUNGER
"Cycling Men's Road Race, Team",23,YOUNGER
Rowing Men's Coxless Fours,25,YOUNGER
Swimming Women's 200 metres Backstroke,18,YOUNGER
Biathlon Mixed 2 x 6 kilometres and 2 x 7.5 kilometres Relay,27,OLDER
Cross Country Skiing Women's 15 kilometres,25,YOUNGER
Biathlon Women's 15 kilometres,25,YOUNGER
"Canoeing Men's Cadian Singles, Slalom",25,YOUNGER
Trampolining Women's Individual,25,YOUNGER
"Fencing Men's Foil, Masters, Individual",31,OLDER
"Short Track Speed Skating Women's 1,500 metres",23,YOUNGER
Gymstics Men's Side Horse,27,OLDER
Boxing Men's Heavyweight,24,YOUNGER
"Archery Men's Au Chapelet, 50 metres",35,OLDER
"Shooting Men's Military Rifle, Three Positions, 300 metres",34,OLDER
Shooting Men's Unknown Event,45,OLDER
"Equestrianism Men's Three-Day Event, Individual",33,OLDER
Judo Men's Half-Lightweight,24,YOUNGER
Swimming Women's 400 metres Individual Medley,19,YOUNGER
Gymstics Men's Parallel Bars,24,YOUNGER
Athletics Men's Discus Throw,27,OLDER
Boxing Men's Lightweight,22,YOUNGER
Water Polo Women's Water Polo,25,YOUNGER
Swimming Men's 10 kilometres Open Water,25,YOUNGER
Cross Country Skiing Women's 5 kilometres,24,YOUNGER
Athletics Men's Standing Long Jump,23,YOUNGER
"Equestrianism Mixed Jumping, Team",33,OLDER
Rowing Men's Lightweight Double Sculls,26,OLDER
"Canoeing Men's Kayak Singles, 500 metres",25,YOUNGER
Athletics Women's Marathon,30,OLDER
Golf Women's Individual,27,OLDER
"Athletics Men's 10,000 metres",26,OLDER
"Art Competitions Mixed Sculpturing, Statues",46,OLDER
Short Track Speed Skating Men's 500 metres,23,YOUNGER
"Wrestling Women's Middleweight, Freestyle",25,YOUNGER
Freestyle Skiing Women's Slopestyle,22,YOUNGER
"Tennis Women's Singles, Covered Courts",30,OLDER
Triathlon Men's Olympic Distance,27,OLDER
Biathlon Women's 3 x 7.5 kilometres Relay,22,YOUNGER
Sailing Mixed 10-20 Ton,43,OLDER
Athletics Men's 4 x 100 metres Relay,24,YOUNGER
Boxing Men's Light-Middleweight,23,YOUNGER
Swimming Women's 100 metres Freestyle,19,YOUNGER
"Art Competitions Mixed Painting, Applied Arts",39,OLDER
Figure Skating Men's Special Figures,32,OLDER
"Cycling Men's Road Race, Individual",24,YOUNGER
Swimming Women's 100 metres Butterfly,19,YOUNGER
Cycling Men's Individual Time Trial,28,OLDER
Cycling Women's Points Race,26,OLDER
"Art Competitions Mixed Music, Instrumental And Chamber",33,OLDER
"Athletics Men's Cross-Country, Team",24,YOUNGER
Gymstics Men's Horizontal Bar,24,YOUNGER
"Archery Men's Target Archery, 50 metres, Individual",49,OLDER
Football Men's Football,23,YOUNGER
Cross Country Skiing Women's 20 kilometres,24,YOUNGER
Rowing Women's Coxed Quadruple Sculls,23,YOUNGER
Rhythmic Gymstics Women's Individual,19,YOUNGER
Athletics Women's 100 metres Hurdles,25,YOUNGER
Polo Men's Polo,35,OLDER
"Weightlifting Men's Unlimited, Two Hands",23,YOUNGER
"Fencing Men's Sabre, Team",29,OLDER
"Equestrianism Mixed Dressage, Team",37,OLDER
Art Competitions Mixed Architecture,41,OLDER
Boxing Men's Middleweight,23,YOUNGER
"Short Track Speed Skating Women's 3,000 metres Relay",22,YOUNGER
"Archery Men's Pole Archery, Small Birds, Team",NULL,YOUNGER
Swimming Men's 200 metres Obstacle Course,21,YOUNGER
Basketball Men's Basketball,25,YOUNGER
Table Tennis Women's Doubles,24,YOUNGER
Diving Women's Synchronized Springboard,23,YOUNGER
Cross Country Skiing Women's 30 kilometres,26,OLDER
Alpine Skiing Women's Slalom,22,YOUNGER
Archery Men's Team,26,OLDER
Sailing Mixed Windsurfer,23,YOUNGER
Athletics Men's 20 kilometres Walk,27,OLDER
Sailing Mixed 6.5 metres,31,OLDER
Sailing Mixed 3-10 Ton,36,OLDER
"Wrestling Men's Super-Heavyweight, Greco-Roman",26,OLDER
"Art Competitions Mixed Architecture, Designs For Town Planning",44,OLDER
Sailing Mixed 1-2 Ton,37,OLDER
Sailing Mixed Two Person Keelboat,33,OLDER
"Athletics Men's Discus Throw, Both Hands",23,YOUNGER
Cycling Men's 25 mile,23,YOUNGER
Equestrianism Mixed Hacks And Hunter Combined,40,OLDER
Bobsleigh Men's Four,28,OLDER
"Speed Skating Men's 1,000 metres",24,YOUNGER
Rowing Women's Quadruple Sculls,25,YOUNGER
Weightlifting Women's Flyweight,24,YOUNGER
Cycling Men's 1/4 mile,22,YOUNGER
"Art Competitions Mixed Painting, Drawings And Water Colors",44,OLDER
"Equestrianism Mixed Three-Day Event, Team",32,OLDER
Taekwondo Men's Welterweight,25,YOUNGER
Beach Volleyball Women's Beach Volleyball,28,OLDER
Cycling Men's Team Sprint,25,YOUNGER
"Canoeing Men's Kayak Singles, 200 metres",27,OLDER
Cycling Women's Team Sprint,25,YOUNGER
"Athletics Men's 4 mile, Team",20,YOUNGER
Jeu De Paume Men's Singles,32,OLDER
Golf Men's Team,25,YOUNGER
Judo Men's Lightweight,24,YOUNGER
Athletics Men's 400 metres Hurdles,24,YOUNGER
Athletics Men's Decathlon,25,YOUNGER
"Art Competitions Mixed Painting, Unknown Event",46,OLDER
Badminton Men's Doubles,26,OLDER
Athletics Men's Stone Throw,24,YOUNGER
Hockey Men's Hockey,25,YOUNGER
"Canoeing Men's Cadian Doubles, 10,000 metres",29,OLDER
Luge Mixed (Men)'s Doubles,24,YOUNGER
"Canoeing Women's Kayak Singles, 500 metres",25,YOUNGER
"Gymstics Men's Parallel Bars, Teams",22,YOUNGER
Freestyle Skiing Women's Aerials,24,YOUNGER
Sailing Mixed 10 metres,33,OLDER
Sailing Mixed 2-3 Ton,43,OLDER
"Gymstics Men's Team All-Around, Free System",24,YOUNGER
Table Tennis Men's Doubles,26,OLDER
Rowing Men's Quadruple Sculls,25,YOUNGER
Biathlon Men's 20 kilometres,26,OLDER
"Equestrianism Men's Jumping, Team",33,OLDER
"Art Competitions Mixed Architecture, Unknown Event",43,OLDER
Art Competitions Mixed Sculpturing,47,OLDER
Snowboarding Women's Parallel Giant Slalom,25,YOUNGER
Swimming Women's 50 metres Freestyle,20,YOUNGER
"Athletics Women's 10,000 metres",26,OLDER
Archery Men's Continental Style,42,OLDER
"Nordic Combined Men's Large Hill / 10 km, Individual",25,YOUNGER
Swimming Men's 200 metres Butterfly,20,YOUNGER
Judo Women's Half-Lightweight,24,YOUNGER
"Shooting Men's Free Rifle, Prone, 300 metres",34,OLDER
Archery Men's Sur La Perche a La Herse,35,OLDER
Cycling Women's BMX,22,YOUNGER
"Wrestling Women's Flyweight, Freestyle",24,YOUNGER
Speed Skating Men's 500 metres,24,YOUNGER
Diving Men's Plain High,24,YOUNGER
Shooting Women's Skeet,31,OLDER
Figure Skating Mixed Team,24,YOUNGER
Swimming Men's 100 metres Backstroke,21,YOUNGER
Swimming Women's 300 metres Freestyle,18,YOUNGER
"Archery Men's Au Cordon Dore, 33 metres",36,OLDER
"Shooting Men's Free Pistol, 50 metres",35,OLDER
Nordic Combined Men's Team,23,YOUNGER
Cycling Men's 25 kilometres,22,YOUNGER
Roque Men's Singles,53,OLDER
"Swimming Men's 1,000 metres Freestyle",20,YOUNGER
Athletics Women's Shot Put,25,YOUNGER
"Fencing Men's Foil, Team",28,OLDER
Gymstics Women's Team All-Around,19,YOUNGER
Athletics Women's 80 metres Hurdles,23,YOUNGER
Judo Women's Lightweight,25,YOUNGER
"Art Competitions Mixed Music, Compositions For Solo Or Chorus",34,OLDER
"Cycling Men's Team Pursuit, 4,000 metres",23,YOUNGER
Diving Men's Synchronized Springboard,24,YOUNGER
Sailing Mixed 40 metres,28,OLDER
Athletics Women's Javelin Throw,25,YOUNGER
Alpine Skiing Men's Downhill,24,YOUNGER
Swimming Men's 100 metres Freestyle,21,YOUNGER
"Swimming Men's 1,500 metres Freestyle",20,YOUNGER
"Cycling Men's 5,000 metres",22,YOUNGER
"Wrestling Men's Unlimited Class, Greco-Roman",23,YOUNGER
Shooting Men's Skeet,33,OLDER
Weightlifting Women's Featherweight,24,YOUNGER
Rowing Women's Lightweight Double Sculls,26,OLDER
Sailing Men's One Person Dinghy,28,OLDER
Sailing Men's One Person Heavyweight Dinghy,29,OLDER
"Fencing Men's epee, Masters, Individual",29,OLDER
"Shooting Men's Small-Bore Rifle, Disappearing Target, 25 metres",35,OLDER
"Canoeing Men's Cadian Singles, 1,000 metres",25,YOUNGER
Gymstics Men's Rope Climbing,26,OLDER
Snowboarding Women's Halfpipe,23,YOUNGER
Art Competitions Mixed Unknown Event,45,OLDER
"Short Track Speed Skating Men's 1,000 metres",23,YOUNGER
Gymstics Men's Floor Exercise,24,YOUNGER
Judo Women's Half-Middleweight,25,YOUNGER
Speed Skating Men's Team Pursuit (8 laps),25,YOUNGER
"Canoeing Men's Folding Kayak Doubles, 10 kilometres",24,YOUNGER
Athletics Women's 400 metres Hurdles,25,YOUNGER
"Shooting Men's Military Rifle, Prone, 300 metres",37,OLDER
Cross Country Skiing Women's 15 km Skiathlon,27,OLDER
Boxing Women's Lightweight,27,OLDER
Swimming Men's 50 yard Freestyle,19,YOUNGER
Weightlifting Women's Super-Heavyweight,23,YOUNGER
"Fencing Women's Sabre, Individual",25,YOUNGER
Cycling Men's 12-Hours Race,25,YOUNGER
"Shooting Men's Small-Bore Rifle, Standing, 50 metres",36,OLDER
"Short Track Speed Skating Women's 1,000 metres",22,YOUNGER
Biathlon Women's 7.5 kilometres Sprint,25,YOUNGER
Biathlon Men's 10 kilometres Sprint,26,OLDER
Judo Men's Half-Heavyweight,26,OLDER
"Wrestling Men's Welterweight, Freestyle",26,OLDER
Rowing Men's Single Sculls,25,YOUNGER
"Athletics Men's 5,000 metres, Team",23,YOUNGER
"Art Competitions Mixed Sculpturing, Reliefs",38,OLDER
Equestrianism Mixed High Jump,29,OLDER
Diving Men's Platform,22,YOUNGER
Rugby Sevens Women's Rugby Sevens,26,OLDER
"Rowing Men's Coxed Fours, Outriggers",25,YOUNGER
Table Tennis Women's Team,26,OLDER
Equestrianism Mixed Long Jump,32,OLDER
Rowing Women's Single Sculls,26,OLDER
"Athletics Men's 1,500 metres",24,YOUNGER
Cross Country Skiing Women's 3 x 5 kilometres Relay,25,YOUNGER
"Archery Men's Target Archery, 28 metres, Team",41,OLDER
Racquets Men's Doubles,29,OLDER
"Art Competitions Mixed Literature, Epic Works",39,OLDER
Art Competitions Mixed Painting,40,OLDER
"Shooting Men's Air Pistol, 10 metres",34,OLDER
Skeleton Women's Skeleton,27,OLDER
"Fencing Men's Single Sticks, Individual",37,OLDER
Gymstics Men's Rings,24,YOUNGER
"Speed Skating Women's 1,500 metres",23,YOUNGER
Sailing Women's One Person Dinghy,24,YOUNGER
"Archery Men's Target Archery, 33 metres, Team",45,OLDER
"Canoeing Men's Cadian Singles, 500 metres",25,YOUNGER
Snowboarding Men's Parallel Giant Slalom,27,OLDER
"Shooting Men's Small-Bore Rifle, Prone, 50 metres, Team",37,OLDER
Archery Women's Double Columbia Round,48,OLDER
Rowing Men's 17-Man val Rowing Boats,NULL,YOUNGER
"Speed Skating Women's 3,000 metres",23,YOUNGER
"Shooting Men's Military Pistol, Team",37,OLDER
Snowboarding Men's Halfpipe,22,YOUNGER
Swimming Women's 200 metres Breaststroke,19,YOUNGER
Athletics Men's 10 kilometres Walk,28,OLDER
Cycling Men's 100 kilometres,24,YOUNGER
"Athletics Men's 1,500 metres Walk",26,OLDER
Freestyle Skiing Men's Aerials,25,YOUNGER
Cross Country Skiing Men's Sprint,25,YOUNGER
Trampolining Men's Individual,24,YOUNGER
Cross Country Skiing Men's 30 km Skiathlon,27,OLDER
Cycling Women's Keirin,25,YOUNGER
Shooting Men's Trap,36,OLDER
Archery Men's Championt Du Monde,29,OLDER
Water Polo Men's Water Polo,25,YOUNGER
Athletics Women's Pole Vault,25,YOUNGER
Tug-Of-War Men's Tug-Of-War,29,OLDER
Cycling Women's Team Pursuit,25,YOUNGER
"Shooting Men's Military Rifle, 200, 400, 500 and 600 metres, Team",34,OLDER
Swimming Men's 400 metres Freestyle,20,YOUNGER
Athletics Women's High Jump,23,YOUNGER
Judo Women's Middleweight,25,YOUNGER
Badminton Women's Singles,24,YOUNGER
"Cycling Men's Team Pursuit, 1,980 yards",24,YOUNGER
Freestyle Skiing Men's Moguls,23,YOUNGER
Swimming Men's One Mile Freestyle,22,YOUNGER
"Fencing Men's Foil, Individual",27,OLDER
Weightlifting Men's Heavyweight,27,OLDER
"Wrestling Men's Middleweight, Greco-Roman",26,OLDER
"Shooting Men's Small-Bore Rifle, Disappearing Target, 25 yards",33,OLDER
"Shooting Men's Military Rifle, Prone, 600 metres",35,OLDER
"Wrestling Men's Middleweight A, Greco-Roman",24,YOUNGER
Biathlon Men's 15 kilometres Mass Start,28,OLDER
"Art Competitions Mixed Literature, Dramatic Works",42,OLDER
"Equestrianism Men's Vaulting, Team",25,YOUNGER
"Gymstics Men's Individual All-Around, 4 Events",27,OLDER
"Nordic Combined Men's Normal Hill / 10 km, Individual",25,YOUNGER
Sailing Mixed 20+ Ton,34,OLDER
Athletics Men's 200 metres Hurdles,22,YOUNGER
Athletics Men's 800 metres,23,YOUNGER
Athletics Women's Discus Throw,26,OLDER
Cycling Men's 20 kilometres,24,YOUNGER
Alpine Skiing Women's Combined,22,YOUNGER
"Shooting Mixed Rapid-Fire Pistol, 25 metres",33,OLDER
Judo Women's Extra-Lightweight,23,YOUNGER
Cycling Men's 1/3 mile,22,YOUNGER
Swimming Men's 100 metres Butterfly,21,YOUNGER
Swimming Men's 4 x 200 metres Freestyle Relay,21,YOUNGER
Table Tennis Men's Singles,27,OLDER
"Canoeing Women's Kayak Singles, Slalom",25,YOUNGER
Weightlifting Men's Heavyweight I,25,YOUNGER
Sailing Mixed 6 metres,34,OLDER
Rugby Sevens Men's Rugby Sevens,25,YOUNGER
"Equestrianism Mixed Dressage, Individual",37,OLDER
Sailing Mixed Multihull,31,OLDER
Weightlifting Women's Light-Heavyweight,23,YOUNGER
Alpine Skiing Women's Giant Slalom,22,YOUNGER
Diving Women's Plain High,20,YOUNGER
Rowing Women's Coxed Fours,23,YOUNGER
Snowboarding Men's Boardercross,26,OLDER
Taekwondo Women's Welterweight,24,YOUNGER
Cross Country Skiing Men's 10/10 kilometres Pursuit,27,OLDER
Snowboarding Men's Giant Slalom,25,YOUNGER
Athletics Men's Pole Vault,25,YOUNGER
"Art Competitions Mixed Literature, Lyric Works",42,OLDER
Swimming Men's 500 metres Freestyle,20,YOUNGER
"Art Competitions Mixed Architecture, Architectural Designs",45,OLDER
Archery Women's Double tiol Round,41,OLDER
"Archery Men's Au Cordon Dore, 50 metres",29,OLDER
Freestyle Skiing Women's Halfpipe,26,OLDER
Tennis Women's Doubles,24,YOUNGER
"Wrestling Men's Middleweight, Freestyle",25,YOUNGER
"Wrestling Men's Super-Heavyweight, Freestyle",26,OLDER
Swimming Men's 200 metres Breaststroke,21,YOUNGER
Cycling Men's Points Race,25,YOUNGER
Basque Pelota Men's Two-Man Teams With Cesta,26,OLDER
Badminton Men's Singles,25,YOUNGER
"Cycling Women's Road Race, Individual",26,OLDER
Weightlifting Men's Light-Heavyweight,25,YOUNGER
Weightlifting Men's Middle-Heavyweight,25,YOUNGER
"Fencing Women's epee, Individual",26,OLDER
"Wrestling Men's Flyweight, Freestyle",24,YOUNGER
"Archery Men's Pole Archery, Large Birds, Team",NULL,YOUNGER
Boxing Men's Light-Welterweight,22,YOUNGER
Rowing Men's Coxed Eights,24,YOUNGER
Rugby Men's Rugby,24,YOUNGER
"Shooting Men's Small Bore-Rifle, Standing, 50 metres, Team",36,OLDER
"Athletics Men's 4,000 metres Steeplechase",24,YOUNGER
Athletics Men's High Jump,23,YOUNGER
Sailing Men's Windsurfer,26,OLDER
Cross Country Skiing Men's 15 kilometres,25,YOUNGER
Rowing Men's Double Sculls,25,YOUNGER
"Wrestling Men's Bantamweight, Freestyle",24,YOUNGER
"Cycling Men's 1,000 metres Time Trial",23,YOUNGER
Ice Hockey Men's Ice Hockey,26,OLDER
Swimming Men's 4 x 100 metres Medley Relay,21,YOUNGER
"Athletics Women's 3,000 metres",24,YOUNGER
Gymstics Women's Horse Vault,19,YOUNGER
Athletics Men's Standing High Jump,23,YOUNGER
Boxing Women's Flyweight,27,OLDER
"Shooting Men's Free Pistol, 25 metres",36,OLDER
Athletics Women's 100 metres,23,YOUNGER
Luge Women's Singles,23,YOUNGER
"Fencing Men's Sabre, Individual",29,OLDER
"Shooting Men's Running Target, 50 metres",27,OLDER
Cycling Men's 1 mile,21,YOUNGER
"Athletics Men's 5,000 metres",25,YOUNGER
"Athletics Women's 5,000 metres",25,YOUNGER
Beach Volleyball Men's Beach Volleyball,29,OLDER
"Fencing Women's Foil, Individual",26,OLDER
"Shooting Men's Small-Bore Rifle, Prone, 50 metres",33,OLDER
Weightlifting Women's Heavyweight,24,YOUNGER
"Wrestling Men's Bantamweight, Greco-Roman",25,YOUNGER
"Canoeing Men's Cadian Doubles, Slalom",26,OLDER
"Athletics Men's 1,600 metres Medley Relay",22,YOUNGER
Athletics Women's 4 x 400 metres Relay,24,YOUNGER
"Shooting Men's Free Rifle, 400, 600 and 800 metres, Team",35,OLDER
Rowing Women's Double Sculls,25,YOUNGER
"Shooting Men's Small-Bore Rifle, Moving Target, 25 yards",33,OLDER
"Shooting Men's Military Rifle, 1873-1874 Gras Model, Kneeling Or Standing, 200 metres",35,OLDER
Swimming Men's 400 metres Breaststroke,22,YOUNGER
Swimming Men's 4 x 50 Yard Freestyle Relay,22,YOUNGER
"Cycling Men's Tandem Sprint, 2,000 metres",23,YOUNGER
Biathlon Women's 12.5 kilometres Mass Start,27,OLDER
"Shooting Men's Dueling Pistol, 30 metres, Team",37,OLDER
Archery Men's Sur La Perche a La Pyramide,43,OLDER
Athletics Women's Pentathlon,23,YOUNGER
"Canoeing Men's Cadian Doubles, 1,000 metres",25,YOUNGER
"Speed Skating Men's 5,000 metres",24,YOUNGER
Weightlifting Men's Featherweight,25,YOUNGER
Boxing Men's Light-Heavyweight,24,YOUNGER
Cycling Women's Omnium,26,OLDER
"Wrestling Women's Light-Heavyweight, Freestyle",24,YOUNGER
Swimming Men's 100 Yard Backstroke,21,YOUNGER
Basketball Women's Basketball,25,YOUNGER
Weightlifting Men's Bantamweight,25,YOUNGER
"Shooting Men's Air Rifle, 10 metres",28,OLDER
"Shooting Men's Small-Bore Rifle, Three Positions, 50 metres",31,OLDER
Figure Skating Mixed Pairs,23,YOUNGER
Athletics Men's Long Jump,24,YOUNGER
"Wrestling Men's Heavyweight, Freestyle",27,OLDER
Weightlifting Women's Lightweight,24,YOUNGER
"Ski Jumping Men's Large Hill, Individual",23,YOUNGER
Cycling Men's BMX,23,YOUNGER
"Wrestling Men's All-Around, Greco-Roman",24,YOUNGER
"Archery Men's Au Chapelet, 33 metres",36,OLDER
"Canoeing Men's Kayak Doubles, 200 metres",26,OLDER
Handball Men's Handball,26,OLDER
Volleyball Men's Volleyball,25,YOUNGER
Swimming Men's 4 x 100 metres Freestyle Relay,22,YOUNGER
Swimming Men's 100 metres Freestyle For Sailors,NULL,YOUNGER
"Wrestling Men's Featherweight, Freestyle",24,YOUNGER
Athletics Women's 200 metres,23,YOUNGER
"Wrestling Men's Light-Flyweight, Freestyle",23,YOUNGER
"Shooting Men's Running Target, Double Shot",40,OLDER
Sailing Women's Skiff,25,YOUNGER
"Canoeing Women's Kayak Singles, 200 metres",27,OLDER
"Swimming Men's 4,000 metres Freestyle",25,YOUNGER
"Shooting Men's Military Rifle, 200/500/600/800/900/1,000 Yards, Team",34,OLDER
Swimming Men's 880 yard Freestyle,23,YOUNGER
"Fencing Women's epee, Team",26,OLDER
"Shooting Men's Military Rifle, Standing, 300 metres",37,OLDER
Alpine Skiing Men's Combined,24,YOUNGER
Softball Women's Softball,26,OLDER
Motorboating Mixed C-Class,29,OLDER
Weightlifting Men's All-Around Dumbbell Contest,23,YOUNGER
Rhythmic Gymstics Women's Group,18,YOUNGER
Sailing Mixed One Person Dinghy,28,OLDER
Sailing Women's Two Person Dinghy,26,OLDER
Swimming Men's 200 metres Individual Medley,21,YOUNGER
Cycling Men's 100 kilometres Team Time Trial,23,YOUNGER
"Wrestling Men's Middleweight B, Greco-Roman",24,YOUNGER
Snowboarding Men's Slopestyle,21,YOUNGER
"Gymstics Men's Team All-Around, Swedish System",24,YOUNGER
"Shooting Mixed Running Target, 50 metres",29,OLDER
Athletics Men's 5 mile,23,YOUNGER
"Shooting Men's Free Rifle, Any Position, 300 metres",35,OLDER
"Athletics Men's 2,500 metres Steeplechase",21,YOUNGER
"Fencing Men's epee, Individual",29,OLDER
Athletics Men's 4 x 400 metres Relay,24,YOUNGER
"Wrestling Men's Flyweight, Greco-Roman",24,YOUNGER
Volleyball Women's Volleyball,24,YOUNGER
Rowing Women's Coxed Eights,25,YOUNGER
Rowing Men's Lightweight Coxless Fours,27,OLDER
Gymstics Men's Individual All-Around,24,YOUNGER
Gymstics Women's Uneven Bars,19,YOUNGER
Speed Skating Men's Allround,27,OLDER
"Shooting Men's Free Pistol, 30 metres",28,OLDER
"Speed Skating Women's 5,000 metres",25,YOUNGER
"Shooting Women's Air Pistol, 10 metres",30,OLDER
Cycling Men's 333 metres Time Trial,22,YOUNGER
Gymstics Men's Team All-Around,24,YOUNGER
Cross Country Skiing Men's 18 kilometres,26,OLDER
Judo Men's Half-Middleweight,25,YOUNGER
Cycling Women's Sprint,25,YOUNGER
"Athletics Men's 3,200 metres Steeplechase",24,YOUNGER
Sailing Mixed Three Person Keelboat,33,OLDER
"Athletics Men's 3,000 metres, Team",23,YOUNGER
Swimming Men's 4 x 250 metres Freestyle Relay,23,YOUNGER
Alpine Skiing Men's Slalom,23,YOUNGER
"Shooting Men's Dueling Pistol, 30 metres",36,OLDER
Cycling Women's Individual Time Trial,29,OLDER
Alpine Skiing Men's Super G,24,YOUNGER
Snowboarding Women's Giant Slalom,24,YOUNGER
"Shooting Women's Air Rifle, 10 metres",26,OLDER
"Athletics Women's 3,000 metres Steeplechase",26,OLDER
"Art Competitions Mixed Literature, Unknown Event",39,OLDER
Synchronized Swimming Women's Team,22,YOUNGER
"Canoeing Men's Cadian Singles, 10,000 metres",26,OLDER
Rowing Men's Coxed Pairs,24,YOUNGER
Bobsleigh Men's Two,29,OLDER
"Swimming Men's 1,200 metres Freestyle",18,YOUNGER
"Shooting Men's Military Rifle, Prone, 600 metres, Team",37,OLDER
Swimming Women's 400 metres Freestyle,18,YOUNGER
"Shooting Women's Small-Bore Rifle, Three Positions, 50 metres",27,OLDER
"Shooting Men's Rapid-Fire Pistol, 25 metres",35,OLDER
Athletics Men's 110 metres Hurdles,24,YOUNGER
"Equestrianism Mixed Three-Day Event, Individual",32,OLDER
Curling Women's Curling,29,OLDER
Swimming Men's Underwater Swimming,21,YOUNGER
"Ski Jumping Men's Normal Hill, Individual",23,YOUNGER
Tennis Men's Doubles,26,OLDER
Swimming Women's 4 x 100 metres Medley Relay,19,YOUNGER
Biathlon Men's 12.5 kilometres Pursuit,28,OLDER
Taekwondo Men's Heavyweight,26,OLDER
Gymstics Men's Pommelled Horse,24,YOUNGER
Athletics Men's 100 metres,23,YOUNGER
"Shooting Women's Sporting Pistol, 25 metres",30,OLDER
Ice Hockey Women's Ice Hockey,24,YOUNGER
Cycling Men's 2 mile,22,YOUNGER
"Equestrianism Men's Dressage, Team",43,OLDER
"Shooting Men's Small-Bore Rifle, Prone, 50 and 100 yards",33,OLDER
Sailing Mixed 8 metres,32,OLDER
Table Tennis Men's Team,27,OLDER
Judo Men's Middleweight,25,YOUNGER
Biathlon Women's 4 x 6 kilometres Relay,26,OLDER
Lacrosse Men's Lacrosse,26,OLDER
Bobsleigh Women's Two,27,OLDER
Athletics Women's 800 metres,24,YOUNGER
Athletics Men's Pentathlon (Ancient),24,YOUNGER
"Wrestling Women's Featherweight, Freestyle",26,OLDER
"Shooting Men's Running Target, Single Shot",39,OLDER
Synchronized Swimming Women's Solo,20,YOUNGER
Athletics Women's Hammer Throw,25,YOUNGER
"Athletics Men's 2,590 metres Steeplechase",21,YOUNGER
Athletics Women's 10 kilometres Walk,25,YOUNGER
Sailing Mixed 30 metres,27,OLDER
Swimming Men's 440 Yard Breaststroke,20,YOUNGER
Alpine Skiing Women's Downhill,22,YOUNGER
"Shooting Men's Free Pistol, 50 metres, Team",37,OLDER
Aeroutics Mixed Aeroutics,26,OLDER
Handball Women's Handball,25,YOUNGER
Taekwondo Women's Featherweight,23,YOUNGER
Swimming Men's 200 metres Backstroke,20,YOUNGER
Swimming Women's 200 metres Freestyle,19,YOUNGER
Sailing Mixed 5.5 metres,35,OLDER
"Tennis Mixed Doubles, Covered Courts",30,OLDER
Freestyle Skiing Women's Moguls,24,YOUNGER
"Athletics Men's 3,000 metres Walk",27,OLDER
Cross Country Skiing Men's 50 kilometres,27,OLDER
Modern Pentathlon Women's Individual,25,YOUNGER
"Shooting Mixed Free Rifle, Three Positions, 300 metres",29,OLDER
"Shooting Men's Military Pistol, 30 metres",33,OLDER
"Shooting Men's Trap, Single Shot, 16 metres",38,OLDER
Cycling Men's Omnium,25,YOUNGER
"Athletics Men's 3,500 metres Walk",25,YOUNGER
Athletics Men's Marathon,28,OLDER
"Cycling Men's Individual Pursuit, 4,000 metres",23,YOUNGER
"Shooting Men's Military Revolver, 20 metres",35,OLDER
Swimming Men's 440 yard Freestyle,21,YOUNGER
Gymstics Men's Horse Vault,24,YOUNGER
Swimming Men's 200 metres Team Swimming,19,YOUNGER
"Canoeing Men's Kayak Singles, Slalom",25,YOUNGER
Military Ski Patrol Men's Military Ski Patrol,23,YOUNGER
"Shooting Mixed Free Pistol, 50 metres",34,OLDER
"Fencing Men's epee, Team",29,OLDER
Athletics Men's 50 kilometres Walk,29,OLDER
"Shooting Men's Trap, Team",39,OLDER
Athletics Men's Hammer Throw,27,OLDER
Swimming Men's 200 metres Freestyle,20,YOUNGER
Cross Country Skiing Men's 4 x 10 kilometres Relay,26,OLDER
"Wrestling Women's Heavyweight, Freestyle",25,YOUNGER
Sailing Men's Two Person Keelboat,34,OLDER
Shooting Men's Dueling Pistol Au Vise 20 metres,36,OLDER
"Speed Skating Men's 10,000 metres",25,YOUNGER
Cycling Men's Sprint,23,YOUNGER
Diving Women's Springboard,21,YOUNGER
Cross Country Skiing Women's 10 kilometres,25,YOUNGER
"Cycling Men's Mountainbike, Cross-Country",27,OLDER
Sailing Mixed Skiff,28,OLDER
Judo Men's Extra-Lightweight,24,YOUNGER
"Canoeing Women's Kayak Doubles, 500 metres",24,YOUNGER
Sailing Mixed 12 metres,34,OLDER
Boxing Women's Middleweight,25,YOUNGER
Racquets Men's Singles,28,OLDER
"Athletics Men's 3 mile, Team",23,YOUNGER
"Art Competitions Mixed Sculpturing, Unknown Event",49,OLDER
"Equestrianism Men's Jumping, Individual",33,OLDER
Art Competitions Mixed Literature,42,OLDER
Athletics Men's All-Around Championship,27,OLDER
Tennis Men's Singles,25,YOUNGER
Cycling Men's Madison,28,OLDER
Bobsleigh Men's Four/Five,29,OLDER
"Croquet Mixed Singles, One Ball",34,OLDER
"Shooting Men's Military Rifle, Prone, 300 metres, Team",37,OLDER
Luge Mixed Team Relay,25,YOUNGER
"Shooting Men's Dueling Pistol Au Commandement, 25 metres",35,OLDER
Shooting Mixed Skeet,32,OLDER
Curling Men's Curling,32,OLDER
"Canoeing Men's Kayak Singles, 10,000 metres",27,OLDER
"Shooting Men's Running Target, 10 metres",27,OLDER
"Gymstics Men's Horizontal Bar, Teams",24,YOUNGER
"Canoeing Women's Kayak Fours, 500 metres",24,YOUNGER
Cycling Men's 50 kilometres,24,YOUNGER
Snowboarding Women's Slopestyle,24,YOUNGER
Freestyle Skiing Men's Ski Cross,28,OLDER
"Ski Jumping Women's Normal Hill, Individual",21,YOUNGER
"Shooting Men's Free Pistol, 50 yards",37,OLDER
"Shooting Men's Free Rifle, Standing, 300 metres",34,OLDER
"Art Competitions Mixed Sculpturing, Medals And Reliefs",45,OLDER
Shooting Mixed Trap,34,OLDER
Short Track Speed Skating Women's 500 metres,22,YOUNGER
"Art Competitions Mixed Sculpturing, Medals",51,OLDER
"Speed Skating Women's 1,000 metres",23,YOUNGER
Judo Men's Heavyweight,26,OLDER
"Shooting Men's Free Pistol, 50 yards, Team",36,OLDER
Diving Men's Synchronized Platform,22,YOUNGER
Snowboarding Women's Boardercross,25,YOUNGER
Alpinism Mixed Alpinism,38,OLDER
Speed Skating Women's 500 metres,23,YOUNGER
"Canoeing Men's Kayak Fours, 1,000 metres",25,YOUNGER
Swimming Women's 100 metres Breaststroke,19,YOUNGER
Weightlifting Men's Heavyweight II,26,OLDER
"Rowing Men's Coxed Fours, Inriggers",25,YOUNGER
Tennis Women's Singles,24,YOUNGER
Cross Country Skiing Men's Team Sprint,25,YOUNGER
Motorboating Mixed A-Class (Open),35,OLDER
"Equestrianism Men's Vaulting, Individual",25,YOUNGER
Cycling Men's Keirin,26,OLDER
"Shooting Men's Free Rifle, Three Positions, 300 metres, Team",35,OLDER
Cross Country Skiing Women's 4 x 5 kilometres Relay,25,YOUNGER
"Tennis Men's Doubles, Covered Courts",32,OLDER
"Cycling Women's Individual Pursuit, 3,000 metres",27,OLDER
"Shooting Men's Military Rifle, 200 metres",31,OLDER
"Archery Men's Target Archery, 33 metres, Individual",49,OLDER
"Wrestling Men's Heavyweight, Greco-Roman",27,OLDER
Sailing Mixed Two Person Dinghy,24,YOUNGER
"Short Track Speed Skating Men's 1,500 metres",22,YOUNGER
Boxing Men's Featherweight,21,YOUNGER
Swimming Women's 200 metres Individual Medley,19,YOUNGER
Biathlon Women's 10 kilometres Pursuit,27,OLDER
Athletics Women's 400 metres,23,YOUNGER
Archery Women's Team,24,YOUNGER
Swimming Women's 4 x 200 metres Freestyle Relay,20,YOUNGER
"Speed Skating Men's 1,500 metres",24,YOUNGER
Hockey Women's Hockey,25,YOUNGER
"Canoeing Men's Kayak Singles, 1,000 metres",25,YOUNGER
"Shooting Men's Free Rifle, Kneeling, 300 metres",34,OLDER
Rowing Men's Coxed Pairs (1 kilometres),25,YOUNGER
"Athletics Men's 3,000 metres Steeplechase",25,YOUNGER
Cycling Men's 1/2 mile,22,YOUNGER
Swimming Men's 100 yard Freestyle,20,YOUNGER
Baseball Men's Baseball,26,OLDER
Rowing Men's Coxed Fours,24,YOUNGER
"Weightlifting Men's Unlimited, One Hand",24,YOUNGER
Motorboating Mixed B-Class (Under 60 Feet),33,OLDER
Swimming Men's 50 metres Freestyle,22,YOUNGER
Table Tennis Women's Singles,25,YOUNGER
"Art Competitions Mixed Music, Vocals",39,OLDER
Biathlon Men's 4 x 7.5 kilometres Relay,26,OLDER
Speed Skating Women's Team Pursuit (6 laps),25,YOUNGER
"Shooting Men's Military Rifle, Standing, 300 metres, Team",38,OLDER
"Canoeing Men's Kayak Doubles, 10,000 metres",26,OLDER
"Shooting Men's Small-Bore Rifle, 50 and 100 yards, Team",31,OLDER
"Fencing Men's epee, Masters and Amateurs, Individual",25,YOUNGER
Badminton Mixed Doubles,26,OLDER
Shooting Women's Double Trap,30,OLDER
Freestyle Skiing Men's Halfpipe,22,YOUNGER
"Shooting Men's Trap, Double Shot, 14 metres",38,OLDER
"Equestrianism Mixed Jumping, Individual",33,OLDER
Rowing Men's Coxless Pairs,25,YOUNGER
Sailing Mixed 7 metres,36,OLDER
Judo Women's Half-Heavyweight,25,YOUNGER
Gymstics Men's Club Swinging,23,YOUNGER
Tennis Mixed Doubles,29,OLDER
"Archery Men's Target Archery, 28 metres, Individual",47,OLDER
"Wrestling Men's Lightweight, Greco-Roman",25,YOUNGER
Sailing Men's Two Person Dinghy,27,OLDER
Sailing Mixed Open,36,OLDER
Luge Men's Singles,25,YOUNGER
"Art Competitions Mixed Painting, Graphic Arts",46,OLDER
"Shooting Men's Military Revolver, 1873-1874 Gras Model, 20 metres",35,OLDER
"Cycling Men's 10,000 metres",21,YOUNGER
Swimming Women's 200 metres Butterfly,19,YOUNGER
Archery Women's Individual,26,OLDER
"Shooting Men's Running Target, Single Shot, Team",39,OLDER
Alpine Skiing Men's Giant Slalom,23,YOUNGER
Sailing Mixed 12 foot,25,YOUNGER
Gymstics Men's Tumbling,19,YOUNGER
Athletics Men's 200 metres,23,YOUNGER
Weightlifting Men's Flyweight,24,YOUNGER
Sailing Men's Skiff,28,OLDER
Swimming Women's 4 x 100 metres Freestyle Relay,19,YOUNGER
"Shooting Mixed Small-Bore Rifle, Prone, 50 metres",33,OLDER
"Gymstics Men's Individual All-Around, Apparatus Work",24,YOUNGER
Sailing Mixed 0-0.5 Ton,28,OLDER
Athletics Men's Standing Triple Jump,23,YOUNGER
Athletics Men's 10 mile Walk,25,YOUNGER
Figure Skating Men's Singles,22,YOUNGER
Judo Women's Heavyweight,26,OLDER
"Shooting Men's Muzzle-Loading Pistol, 25 metres",34,OLDER
"Shooting Mixed Small-Bore Rifle, Three Positions, 50 metres",31,OLDER
"Canoeing Men's Cadian Singles, 200 metres",25,YOUNGER
Cross Country Skiing Men's 10 kilometres,25,YOUNGER
"Athletics Men's Shot Put, Both Hands",24,YOUNGER
Rowing Men's Coxed Pairs (1 mile),24,YOUNGER
Weightlifting Men's Lightweight,25,YOUNGER
Taekwondo Women's Flyweight,22,YOUNGER
"Shooting Men's Military Rifle, 300 metres and 600 metres, Prone, Team",38,OLDER
Art Competitions Mixed Music,43,OLDER
"Croquet Mixed Singles, Two Balls",37,OLDER
"Short Track Speed Skating Men's 5,000 metres Relay",23,YOUNGER
Snowboarding Men's Parallel Slalom,28,OLDER
"Art Competitions Mixed Sculpturing, Medals And Plaques",50,OLDER
