﻿NFL,1
UNK,2
NBO,2
SSD,3
YMD,5
TUV,7
KOS,8
TLS,9
BRU,10
KIR,11
YAR,11
CRT,11
RHO,12
ROT,12
NRU,13
MHL,14
STP,15
CPV,18
COM,19
DMA,19
WIF,20
PLE,21
GBS,21
PLW,25
FSM,26
SOL,27
LCA,28
MTN,29
SOM,32
YEM,32
VAN,35
BHU,36
ASA,37
DJI,38
BDI,39
COK,40
GEQ,40
CHA,41
ARU,42
SKN,42
VIN,42
ERI,43
BUR,44
MAL,45
IVB,45
TGA,46
NIG,47
MDV,49
TKM,54
LAO,54
GRN,54
BAN,55
GAM,56
RWA,56
TOG,59
VNM,62
SAM,63
GAB,63
CAM,63
OMA,66
LES,66
CAF,67
SWZ,67
SUR,69
ALB,70
TJK,70
BEN,71
GUI,73
LBR,74
BIZ,76
M,77
MOZ,78
AHO,79
JOR,80
CAY,83
LBA,84
MKD,84
ANZ,86
MAW,87
BOT,90
MLI,92
COD,93
SAA,93
MNE,94
IOA,94
NEP,94
GUY,102
CGO,105
HAI,106
SUD,107
PNG,108
SEY,111
MYA,111
GUM,112
SLE,114
MLT,118
MAD,119
UAR,123
BRN,126
AFG,126
NCA,129
ANT,133
BIH,134
PAR,135
PAN,139
MRI,144
UAE,144
SRI,146
BOL,152
BOH,153
VIE,154
SYR,156
TAN,161
AND,169
SMR,181
ZAM,183
HON,189
QAT,192
CIV,193
MON,197
BER,212
ESA,218
BAR,219
ARM,221
CYP,225
KGZ,227
KSA,230
FIJ,232
IRQ,232
MDA,234
UGA,260
CRC,264
ANG,267
DOM,277
ECU,277
AZE,283
KUW,284
GEO,286
ISV,294
ZIM,311
CMR,312
SCG,321
LIB,329
SGP,349
GHA,359
LIE,369
BAH,374
TTO,375
ETH,378
SRB,392
SEN,393
I,412
GUA,425
UZB,495
MAS,530
PER,532
MGL,550
ALG,551
TUN,561
PAK,562
URU,576
ISL,627
LTU,654
ISR,665
MAR,682
HKG,685
PHI,694
THA,747
KEN,772
IRI,789
PRK,807
JAM,848
EUN,864
EST,876
CRO,876
NGR,882
CHI,925
VEN,925
PUR,927
LAT,951
LUX,996
SVK,1055
COL,1069
TPE,1097
SLO,1111
IRL,1325
TUR,1356
IND,1408
KAZ,1429
POR,1522
EGY,1622
RSA,1711
BLR,1787
CZE,1874
NZL,2342
CUB,2479
UKR,2559
YUG,2583
GDR,2645
MEX,2880
GRE,3181
ARG,3297
FRG,3315
BUL,3530
DEN,3570
BRA,3848
BEL,3857
TCH,4404
ROU,4405
KOR,4464
NOR,4960
CHN,5141
AUT,5141
RUS,5143
ESP,5313
FIN,5467
URS,5685
NED,5839
SUI,6150
POL,6207
HUN,6607
AUS,7638
SWE,8339
JPN,8444
CAN,9733
GER,9830
ITA,10715
GBR,12256
FRA,12758
USA,18853
