﻿310,Patmawati Abdul Wahid,Indonesia
332,Zarih Abdullah,Singapore
1018,Vera Adrian,mibia
1019,Selvya Adrian-Sofyan,Indonesia
1301,Sri Wahyuni Agustiani,Indonesia
1374,Tontowi Ahmad,Indonesia
1374,Tontowi Ahmad,Indonesia-1
1445,Gaby Dia Ahrens,mibia
1451,Mohammad Ahsan,Indonesia
1515,Saiyidah Aisyah Mohamed Rafa'ee,Singapore
2733,Tjoeij Lin Alienilin,Indonesia
2780,Alkindi,Indonesia
3386,Paulus tangwe Ambunda,mibia
3396,Shenny Rat Amelia,Indonesia
4264,Ang Peng Siong,Singapore
4283,Ellen Angeliwaty,Indonesia
4382,Anisi,Indonesia
4885,Michael Ludwig Hariyanto Arbi,Indonesia
5039,I Ketut Aria,Indonesia
5040,Antonius Budi Ariantho,Indonesia-1
5062,Achad Arifin,Indonesia
5127,Ali Armas,mibia
5252,Sarce Aronggear,Indonesia
5674,"Johanis ""Johny"" Assadoma",Indonesia
6817,Nemo Michael Bahari,Indonesia
7337,Hermensen Ballo Ballo,Indonesia
8491,Marc Bassingthwaighte,mibia
8522,"ni Rahayu ""Yayuk"" Basuki-Suharyadi",Indonesia
8944,Kris Bayu,Indonesia
10097,Joseph Benhard,mibia
10277,Richard Sam Bera,Indonesia
11575,Lon bin Mohamed Noor,Singapore
12931,"John Eduardo ""Johnny"" Bolang",Indonesia
14199,"Mei Yen ""Christel"" Bouvron",Singapore
15246,Hendrik Brocks,Indonesia
16150,Sigit Budiarto,Indonesia-2
16152,Alexander Alan Budikusuma Wiratama,Indonesia
17291,Cai Xiao Li,Singapore
19565,Chai Hon Yam,Singapore
19679,"Chan Khun Sing ""Joseph""",Singapore
19682,"Kum Seng ""Kelly"" Chan",Singapore
19694,"Li Yin ""Pat"" Chan",Singapore
19697,"Kum Wah ""Roy"" Chan",Singapore
19738,Alvent Yulianto Chandra,Indonesia
19738,Alvent Yulianto Chandra,Indonesia-2
19740,Steven Chandra,Indonesia
20063,"Jung Jun ""Mark"" Chay",Singapore
20064,Chay Weng Yew,Singapore
20104,Lionel Chee,Singapore
20105,Chee Swee Lee,Singapore
20186,Feng Chen,Singapore
20264,Chen Sho Fa,Singapore
20361,"Xinru ""Colin"" Cheng",Singapore
21132,Bei Fen Jovi Choo,Singapore
21369,Chua Koon Siong,Singapore
21371,Chua Phung Kim,Singapore
21486,Ch`ng Seng Mok,Singapore
22885,James Bryden Cooke,June Climene
23520,Burdett Matthew Coutts,Singapore
23700,Dan Craven,mibia
24843,Monica Anja Dahl (-Bhm),mibia
24875,Dahuri Dahlia,Indonesia
25070,Hamdiah Damanhuri,Indonesia
25294,Ashari Danoe,Indonesia
25303,Yvonne Margaret Danson (-Tan),Singapore
25313,Ashari Danudirdjo,Partenope
26613,Osbert John de Rozario,Singapore
27583,Deni,Indonesia
27685,"Charles ""Charlie"" Depthios",Indonesia
27686,Enosh Depthios,Indonesia
27921,Vellupillai Devadas,Singapore
28633,Achmad Dimyati,Indonesia
28849,Lidya Djaelawijaya,Indonesia
29466,Edwin Jeyaceilan Doraisamy,Singapore
30818,Thomas Kevin Durcan,June Climene
31541,Riau Ega Agatha,Indonesia
32609,Hian Eng,Indonesia-1
32796,Dedeh Erawati,Indonesia
33806,Abdul Malik Faisal,Indonesia
33967,Lindaweni Fanetri,Indonesia
34382,Citra Febrianti,Indonesia
34619,Feng Tian Wei,Singapore
34815,"Frederick ""Fred"" Ferndez",Singapore
35386,Aadjijatmiko Firsih H.,Indonesia-1
35468,Adrianti Firdasari,Indonesia
36933,"Frank ""Frankie"" Fredericks",mibia
38259,Gan Eng Teck,Singapore
38418,Gao Ning,Singapore
39398,Ruse Gelanteh,Indonesia
39407,Gharde Geldenhuys,mibia
40314,Ajit Singh Gill,Singapore
41124,Kenneth Dunstan Golding,Rika II
41361,"William ""Wiem"" Gommies",Indonesia
42145,"Johannes Edouard Willem ""Jalal"" Gozal",Indonesia
43422,Gu Juan,Singapore
43839,Martha Gultom,Indonesia
43862,John Guwan,Indonesia
43863,Rudy Guwan,Indonesia-1
43863,Rudy Guwan,Indonesia-2
43864,Suryadi Guwan,Indonesia
43865,Tony Guwan,Indonesia
44614,Sudirman Hadi,Indonesia
44617,Luluk Hadiyanto,Indonesia
44617,Luluk Hadiyanto,Indonesia-2
45254,"H. A. Abdullah ""Dollah"" Hamid",Singapore
45256,Nor Azhar Hamid Abdul,Singapore
45401,Rusli Hamsjin,Indonesia
45403,Mathias Tulyoongeleni Hamunyela,mibia
45532,Lilies Handayani,Indonesia
45921,Syamsul Anwar Harahap,Indonesia
45997,Mirwati Hardjolukito,Indonesia
46052,Ismu Harinto,Indonesia
46316,Eddy Hartono Arbie,Indonesia-1
46371,Trikus Haryanto,Indonesia-1
46371,Trikus Haryanto,Indonesia-2
46372,Yon Haryono,Indonesia
46391,Jushar Haschja,Indonesia
46788,"William Douglas ""Bill"" Hay",Singapore
47579,Jerome Henderson,Singapore
47592,Hendrawan,Indonesia
48214,Tjipekapora Herunga,mibia
48377,"Johannes Frederick ""Mannie"" Heymans",mibia
48435,Taufik Hidayat,Indonesia
48946,Ho Lien Siew,Singapore
48948,Robert Ho,Rika II
48953,Ho Yen Chye,Singapore
49134,Erik Hoffmann,mibia
49348,"Edward Gilbert ""Ned"" Holiday",June Climene
49348,"Edward Gilbert ""Ned"" Holiday",Rika II
50797,Ethel Hudson,Indonesia
51193,Irsan Husen,Indonesia
52092,Eka Purma Indah,Indonesia
52096,Julius Munyelele Indongo,mibia
52099,Sri Indriyani,Indonesia
52336,Eko Yuli Irawan,Indonesia
53199,"Nicolaas ""Nico"" Jacobs",mibia
53374,Edy Jakariya,Indonesia
54039,Meilia Jauhari,Indonesia
54644,Joseph Hilongwa Jermia,mibia
54691,Janet Elizabeth Jesudason (-Stevens),Singapore
54715,S. Jeyathurai,Singapore
54801,Jiang Yanmei,Singapore
54908,Jing Jun Hong,Singapore
54908,Jing Jun Hong,Singapore-2
55067,Helalia Lukeiko Johannes,mibia
55409,Keith Littlewood Johnson,Rika II
55592,Jos Junias Jos,mibia
55884,Praveen Jordan,Indonesia-2
55953,Irene Truitje Joseph,Indonesia
56321,Gustar Junianto,Indonesia
56417,Jasrin Jusron,Indonesia
56578,Syed Abdul Kadir,Singapore
56729,"Engel Berta ""Etta"" Kaize",Indonesia
56828,Leopold Kalesaran,Tengiri
57217,"Li Loong ""Calvin"" Kang",Singapore
57284,Denny Kwan Kantono,Indonesia-1
57520,Johannes Kardiono,Indonesia
57549,Abdul Karim,Indonesia
57876,Madek Kasman,Indonesia
57937,Mujandjae Kasuto,mibia
57975,Sugiono Katijo,Indonesia
58053,Mynhardt Mbeumu Kauanivi,mibia
58241,Tuihaleni Frank Kayele,mibia
59131,Abdul Hamid Khan,Singapore
59330,Griselda Khng,Singapore
59576,Markis Kido,Indonesia-1
61062,Mary Beatrice Klass (-de Souza),Singapore
61642,Ko Tai Chuen,Singapore
61905,Silvia Kristi Koeswandi,Indonesia
61944,"Mun Kit ""Desmond"" Koh",Singapore
61945,"Leng Kang ""Dold"" Koh",Singapore
61946,Koh Eng Kian,Singapore
61948,"Mun Yew ""Gerald"" Koh",Singapore
61951,Koh Seng Leong,Singapore
61952,Terence Koh,Singapore
62065,Kok Kum Woh,Singapore
62838,Pere Koroba,Indonesia
64955,Cagasabai Kulan,Singapore
64964,Sony Dwi Kuncoro,Indonesia
65153,Edi Kurniawan,Indonesia
65263,Diaz Kusumawardani,Indonesia
65264,Sarwendah Kusumawardhani Sukiran,Indonesia
65487,Kwee Kiat Sek,Indonesia
65504,"Ying Wah ""Leslie"" Kwok",Singapore
65923,Ilham B. Lahia,Indonesia
67799,Lee Chak Men,Singapore
67875,"Wei Ling ""Geraldine"" Lee",Singapore
68193,Lee Wung Yew,Singapore
68218,Lee Yujia,Singapore
68756,Handry Octavianus Lenzun,Indonesia
69013,Warino Lestanto,Indonesia
69014,Afdiharto Mardi Lestari,Indonesia
69392,Li Jia Wei,Singapore
69392,Li Jia Wei,Singapore-2
69435,Li Li,Singapore
69626,Liang Xiaoyu,Singapore
69719,Lie Eng Soei,Tengiri
69750,Liem Kim Leng,Indonesia
69784,"Yao Xiang ""Daniel"" Liew",Singapore
69890,"Yi Yong ""Charles"" Lim",Singapore
69893,"Ting Kiang ""David"" Lim",Singapore
69894,"Fong Jock ""David"" Lim",Singapore
69895,Denise Lim,Singapore
69897,Lim Heem Wei,Singapore
69903,"Shu En ""Lynette"" Lim",Singapore
69906,Lim Teck Pan,Singapore
69949,Flandy Limpele,Indonesia-1
69949,Flandy Limpele,Indonesia-2
70120,Jrg Lindemeier,mibia
70451,Francisco A. Lisboa,Indonesia
70604,Justin Liu,Singapore
70877,Lo Man Yi,Singapore
70975,Lockoneco,Indonesia
71066,Loh Kok Heng,Singapore
71137,Deya Gresye Susanti Lomban,Indonesia-2
71183,Maria talia Londa,Indonesia
71714,Stephan Louw,mibia
72005,Robert Frederik Lucas,Indonesia
72217,Ferndo Lumain,Indonesia
73538,Nitya Krishinda Maheswari,Indonesia
73550,Salek Mahju,Indonesia
73673,Marleve Mario Maiky,Indonesia
73674,Rexy Rold Maiky,Indonesia
73674,Rexy Rold Maiky,Indonesia-2
75077,Tonny Z. Maringgi,Indonesia
75131,Vita Marissa,Indonesia
75131,Vita Marissa,Indonesia-2
75132,Fibriani Rat Marita,Indonesia
75173,Markoji,Indonesia
76048,Aprilia Marzuki,Indonesia
76068,La Paene Masara,Indonesia
76402,Jos Matheus,mibia
76897,Safruddin Mawi,Indonesia
78547,Memo,Indonesia
79300,Mia Audi Tjiptawan-Lobman,Indonesia
79301,Hele Miagian Papilaya,Indonesia
80101,Ling Ling Agustin Mingmojo,Indonesia
81347,Elizabeth Mongudhi,mibia
81350,Ferry Egberty Moniaga,Indonesia
82370,"Rudolf William ""Rudy"" Mosbergen",Singapore
82897,Hasbi Muhamad,Indonesia
83457,John Herman Muray,Indonesia
83684,Josef Muskita,Partenope
83993,"Anderias Hiler Eduardus ""Edward"" bunone",Indonesia
84219,Beata ndjala igambo,mibia
84633,Mohamed srullah,Indonesia
84668,Asber sution,Indonesia
84669,Elsa Manora sution,Indonesia
84670,Habib sution,Indonesia
84671,Muhammad Akbar sution,Indonesia
84672,Sandow Weldemar sution,Indonesia
84673,Sorie Enda sution,Indonesia
84674,Zakaria sution,Indonesia
84690,Eliza thael,Indonesia-2
84700,Lilya tsir,Indonesia
84700,Lilya tsir,Indonesia-1
85300,Christian Nenepath,Indonesia
85312,Neo Chwee Kok,Singapore
85313,Neo Jie Shi,Singapore
85633,Ling Kai Amanda Ng,Singapore
85645,"Peck Yui ""Shirley"" Ng",Singapore
85655,Ng Yue Meng,Singapore
86466,"Lukman ""Luki"" Niode",Indonesia
87161,Jo Novita,Indonesia
87302,Anggun Nugroho,Indonesia-1
87381,Lita Nurlita,Indonesia
87394,Mohamed Nurmufid,Indonesia
87424,"Paulus ""Ali"" Nuumbembe",mibia
88059,Oei Hok Tiang,Indonesia
88234,Oh Chwee Hock,Singapore
88235,"Hock Chu ""Frank"" Oh",Singapore
88409,I Gusti Putu Okamo,Indonesia
89148,"Hui Min ""Deborah"" Ong",Singapore
89152,Ong Kiat Guan,Singapore
89153,Leord Ong,Singapore
89155,"Chui Bin ""Mylene"" Ong",Singapore
89232,"Yu Fen ""May"" Ooi",Singapore
89241,Oon Jin Gee,Singapore
89242,Oon Jin Teik,Singapore
90921,Kresno Eko Pambudi,Indonesia
91007,Dold Djatus Pandiangan,Indonesia
91008,Purma Pandiangan,Indonesia
91272,Alberth Papilaya,Indonesia
92145,Sioe Gouw Pau,Indonesia
93042,Percy Milton Pennefather,Singapore
93489,Diah Permatasari,Indonesia
94529,Phwa Sian Liong,Indonesia
94652,Hengky Pie,Indonesia
95673,Poh Seng Song,Singapore
95813,"Theodorus ""Theo"" Polhaupessy",Indonesia
95832,Greysia Polii,Indonesia
96732,Wynne Prakusya,Indonesia
96749,Dip Lim Prasad,Singapore
96755,Yosheefin Shila Prasasti,Indonesia
96768,Rossy Pratiwi Dipoyanti,Indonesia
97592,Hendra Purma,Indonesia
97598,Mohamed Yuhdi Wijaya Purnomo,Indonesia
97633,Ri Dewi Puspitasari,Indonesia
97657,Jua Wangsa Putri,Indonesia
97809,Quah Ting Wen,Singapore
97810,Quah Zheng Wen,Singapore
98329,Satriyo Rahadhani,Indonesia
98592,Rusli Ramang,Indonesia
98976,Mohamed Rashjid,Indonesia
99148,Yanes Raubaba,Indonesia
99298,Abdul Razak,Indonesia
100093,Zelin Resia,Indonesia-2
100770,Caroli Rieuwpassa,Indonesia
101006,Rosali Riseu,Indonesia-2
101574,Ika Yulia Rochmawati,Indonesia
102664,Rosmair,Indonesia
103443,Suradi Rukimin,Indonesia
103461,Raema Lisa Rumbewas,Indonesia
104102,Friedhelm Ferdind Sack,mibia
104188,Maulwi Saelan,Indonesia
104230,Dewi Safitri,Indonesia
104379,Nurfitriya Saiman-Lantang,Indonesia
104536,Lukman Saketi,Indonesia
104950,Agnes Mary Samaria,mibia
105036,Lely Sampurno,Indonesia
105663,Simon Santoso,Indonesia
105670,Sanusi,Indonesia
105713,Hendri Kurniawan Saputra,Singapore
105714,Surya Saputra,Indonesia
105786,Shinta Mulia Sari,Singapore
107436,Joseph Isaac Schooling,Singapore
107437,Richard Roland Schoon,Singapore
108669,Yuliani Sentoso,Indonesia
108751,Bo Septano,Indonesia
108760,"Xiang Wei ""Jasmine"" Ser",Singapore
108950,Jadi Setiadi,Indonesia
108951,Hari Setiawan,Indonesia
108952,Hendra Setiawan,Indonesia
108952,Hendra Setiawan,Indonesia-1
108953,Herry Janto Setiawan,Indonesia
108954,Hendra Setijawan,Indonesia
109298,Roy Sharma,Singapore
109749,atele Sem Shilimela,mibia
109919,"Sakaria ""Sackey"" Shivute",mibia
110324,Siew Shaw Her,Singapore
110623,Hendrik Simangunsong,Indonesia
110775,Harry Simon,mibia
111376,Chairuddin Siregar,Indonesia
111880,Wirni Binti Slamet,Indonesia
112441,Willie Smith,mibia
112557,Sng Ju Wei,Singapore
112586,"John ""Jack"" Snowden",Singapore
112725,Sodikin,Indonesia
112741,Andreas Soeratman,Indonesia
113203,Kesevan Soon,Singapore
115966,Catur Mei Studi,Indonesia
116120,Ricky Achmad Subagja,Indonesia
116120,Ricky Achmad Subagja,Indonesia-2
116169,I Nyoman Sudarma,Indonesia
116170,Maram Sudarmodjo,Indonesia
116171,I Gede Siman Sudartawa,Indonesia
116175,Eri Sudewo,Partenope
116211,Tommy Sugiarto,Indonesia
116242,Wirmandi Sugriat,Indonesia
116250,Habib Suharko,Indonesia
116251,Hary Suharyadi,Indonesia
116285,Sukari,Indonesia
116286,Siha Sukarno,Indonesia
116320,I Gusti Made Oka Sulaksa,Indonesia
116350,Eddy Sulistianto (Suprapto),Indonesia
116351,Wahid Yudhi Sulistianto,Indonesia
116352,Erma S. Sulistyaningsih,Indonesia-2
116448,"Kristiono ""Kris"" Sumono",Indonesia
116523,Surto,Indonesia
116591,Leane Suniar,Indonesia
116618,"Phang Cue ""P. C."" Suppiah",Singapore
116622,Bambang Supriyanto,Indonesia-2
116623,Joko Supriyanto,Indonesia
116627,Khatijah Surattee,Singapore
116650,Maman Suryaman,Indonesia
116659,"Lucia Francisca ""Susi"" Susanti Haditono",Indonesia
116660,Debby Susanto,Indonesia-2
116661,Erwin Heru Susanto,Indonesia
116662,Hermawan Susanto,Indonesia
116665,Anton Suseno,Indonesia
116668,Rold Susilo,Singapore
116692,Albert Christiadi Sutanto,Indonesia
116693,Felix Christiadi Sutanto,Indonesia
116694,Glenn Victor Sutanto,Indonesia
116726,Supriyati Sutono,Indonesia
117080,Lucketz Swartbooi,mibia
117182,Toni Syarifudin,Indonesia
117808,Emma Tahapari,Indonesia
118236,Lili Tampi,Indonesia-1
118255,"Chi Loong ""Ben"" Tan",Singapore
118259,Tan Eng Bock,Singapore
118260,Tan Eng Yoon,Singapore
118262,"V Meng ""Gary"" Tan",Singapore
118263,"Lee Yu ""Gary"" Tan",Singapore
118275,Tan Ling Houw,Indonesia
118278,"Tan Kim Huat ""Rold""",Singapore
118281,Li Ching Sara Tan,Singapore
118282,Tan Ser Cher,Singapore
118283,"Paey Fern ""Sharon"" Tan",Singapore-1
118285,"Kheng Siong ""Stanley"" Tan",Singapore
118289,"Howe Liang ""Tiger"" Tan",Singapore
118290,Tan Tjoe Gwat,Indonesia
118291,Tan Tjong Sian,Indonesia
118292,Tracey Tan,Singapore
118295,Tan Wearn Haw,Singapore
118431,Tang Pui Wah,Singapore
118506,Eti Lesmi Tantra (-Guwan),Indonesia-1
118518,Tao Li,Singapore
118641,Adrianus J. Taroreh,Indonesia
118828,"Zhirong ""Bryan"" Tay",Singapore
118829,Tay Chin Joo,Singapore
119011,Roma Tedjakusuma,Indonesia
119163,Rosia Tendean,Indonesia-2
119190,"Wei Min ""Nicolette"" Teo",Singapore
119191,Teo Shun Xie,Singapore
119714,Thio Gim Hock,Singapore
119715,Thio Ging Hwie,Indonesia
119716,Thio Him Tjiang,Indonesia
120020,Thong Saw Pak,Singapore
120144,"Ping Tjin ""PJ"" Thum",Singapore
120423,Mirti Timur,Indonesia-1
120574,Joseph Tjitunga,mibia
120576,Sanusi Tjokroadiredjo,Indonesia
120634,Ria Tobing,Indonesia
120728,Toh Li Ying,Singapore
121880,Santia Tri Kusuma,Indonesia
121980,Triyaningsih,Indonesia
121981,Triyatno,Indonesia
122624,Tung Chye Hong,Singapore
122882,Cynthia Tuwankotta,Indonesia-1
123326,"Elisabeth Adria Alida ""Zuus"" Poerawita (Undapp)",Indonesia
123621,Pujawati Utama Susila Rahayu,Indonesia
123633,Donny Budiarto Utomo,Indonesia
123654,Jafet Uutoni,mibia
123858,Lloyd Oscar Valberg,Singapore
124215,Frans van Bronckhorst,Indonesia
125013,"Christoffel ""Christie"" van Wyk",mibia
125808,Sindurai Vellupillai,Singapore
126499,Arumugam Vijiaratm,Singapore
127526,Michelle Vorster (Mills-),mibia
127636,Sherwin Marchel Vries,mibia
127971,Dold Wailan Walalangi,Indonesia
128496,Wang Jue Gu,Singapore
128744,Kusuma Wardhani,Indonesia
128856,Alexander Wassa,Indonesia
129002,Elieser Wattebosi,Indonesia
129221,Wee Tian Siak,Singapore
130129,Andi Wibowo,Indonesia
130130,"Suzan ""An"" Wibowo (Anggarkusuma-)",Indonesia
130132,Suryo Agung Wibowo,Indonesia
130173,Nova Widianto,Indonesia-1
130173,Nova Widianto,Indonesia-2
130174,Eny Widiowati,Indonesia-1
130175,"Angelique ""Angie"" Widjaja",Indonesia
130185,Tulus Widodo Kalimanto,Indonesia
130325,Dirdja Wihardja,Indonesia
130326,Hadi Wihardja,Indonesia
130335,Benny Wijaya,Indonesia
130336,Candra Wijaya,Indonesia
130337,Muhammad Hanif Wijaya,Indonesia
131076,Putu Wiradamungga,Indonesia
131077,Ardy Berrdus Wirata,Indonesia
131084,Maridjo Wirjodemedjo,Indonesia
131099,Bonit Wiryawan Sugiharto,Indonesia
131135,Erwan Witarsa,Indonesia
131136,Oros Witarsa,Indonesia
131391,"Alexander Nicolaas ""Skip"" Wolters",Singapore
131392,Wiebe Johan Wolters,Singapore
131420,"Zi Liang ""Derek"" Wong",Singapore
131424,"Kar Mun ""Hele"" Wong",Singapore
131426,"Wong Liang Hun ""James""",Singapore
131432,Wong Kay Poh,Singapore
131434,Wong Kim Poh,Singapore
131448,Wong Yew Tong,Singapore
131718,Michael George Wright,Singapore
132037,Xing Aiying,Singapore
132101,Xu Yuan Zhen,Singapore
132579,Yang Zi,Singapore
132626,Yao Lei,Singapore
132637,"Jin Wei ""Timothee"" Yap",Singapore
132701,Ramlan Yatim,Indonesia
132757,Yee Tit Kwan,Singapore
132850,"Oon Tat ""Eric"" Yeo",Singapore
132852,"Foo Ee ""Gary"" Yeo",Singapore
132853,Yeo Gek Huat,Singapore
132855,"Wei Ling ""Joscelin"" Yeo",Singapore
132856,"Wi Jin ""Kenneth"" Yeo",Singapore
132857,Yeo Kian Chye,Singapore
132986,"Yin Yue ""Elizabeth"" Yin",Singapore
133071,"Pei Lin ""Audrey"" Yong",Singapore
133115,Yessy Venisia Yosaputra,Indonesia
133346,Yu Mengyu,Singapore
133416,Ni Putu Timy Yudhani Rahayu,Indonesia
133443,Maria Kristin Yulianti,Indonesia
133444,Dewi Yuliawati,Indonesia
133535,Bonyx Yusak Saweho,Indonesia
133553,Mohamed Yusuf,Indonesia
133755,Lucas Zakaria,Indonesia
134414,Zhan Jian,Singapore
134454,Zhang Guirong,Singapore
134587,Zhang Xueling,Singapore
134587,Zhang Xueling,Singapore-1
134826,Zhou Yihan,Singapore
