﻿AFG,103
PAR,104
VIE,104
TAN,110
BAR,115
CYP,119
BER,121
CIV,124
ESA,126
FIJ,128
KGZ,129
LIE,131
MDA,131
SYR,132
HON,132
QAT,140
ZAM,145
ARM,146
KSA,148
ISV,150
CRC,156
ECU,158
BAH,162
ANG,163
GEO,167
TTO,167
SGP,172
LIB,176
UGA,176
KUW,192
AZE,192
IRQ,194
ZIM,196
SCG,205
DOM,208
CMR,227
SRB,229
ETH,231
SEN,234
GUA,240
GHA,245
I,275
ISL,291
MGL,292
UZB,295
MAS,301
LTU,320
HKG,321
PAK,344
ISR,352
PER,353
EST,354
URU,366
JAM,370
ALG,373
LUX,379
PHI,389
PRK,392
TUN,415
SLO,420
CRO,428
LAT,445
SVK,457
MAR,460
THA,462
KEN,515
IRI,525
CHI,525
VEN,549
PUR,562
NGR,565
TPE,565
EUN,603
COL,617
KAZ,694
POR,730
CZE,732
BLR,763
IRL,799
TUR,808
IND,875
RSA,961
EGY,990
UKR,1133
YUG,1269
CUB,1283
NZL,1326
GDR,1356
BUL,1474
MEX,1544
GRE,1702
FRG,1703
ROU,1789
ARG,1848
DEN,1920
BRA,2051
TCH,2075
BEL,2078
NOR,2214
KOR,2289
AUT,2334
FIN,2346
RUS,2426
CHN,2486
ESP,2637
HUN,2681
SUI,2868
NED,2937
URS,2942
POL,2964
SWE,3782
AUS,3818
JPN,4036
CAN,4809
GER,4860
ITA,4921
FRA,6161
GBR,6273
USA,9652
