﻿USA,USA,5637
URS,Russia,2503
GER,Germany,2165
GBR,UK,2068
FRA,France,1777
ITA,Italy,1637
SWE,Sweden,1536
CAN,Canada,1352
AUS,Australia,1320
RUS,Russia,1165
HUN,Hungary,1135
NED,Netherlands,1040
NOR,Norway,1033
GDR,Germany,1005
CHN,China,989
JPN,Japan,913
FIN,Finland,900
SUI,Switzerland,691
ROU,Romania,653
KOR,South Korea,638
DEN,Denmark,597
FRG,Germany,586
POL,Poland,565
ESP,Spain,489
TCH,Czech Republic,488
BRA,Brazil,475
BEL,Belgium,468
AUT,Austria,450
CUB,Cuba,409
YUG,Serbia,390
BUL,Bulgaria,342
EUN,Russia,279
ARG,Argentina,274
GRE,Greece,255
NZL,New Zealand,228
UKR,Ukraine,199
IND,India,197
JAM,Jamaica,157
CRO,Croatia,149
CZE,Czech Republic,144
BLR,Belarus,139
RSA,South Africa,131
PAK,Pakistan,121
MEX,Mexico,110
KEN,Kenya,106
NGR,Nigeria,99
TUR,Turkey,95
SRB,Serbia,85
KAZ,Kazakhstan,77
IRI,Iran,68
PRK,North Korea,67
SCG,Serbia,64
URU,Uruguay,63
LTU,Lithuania,61
NULL,NULL,54
ETH,Ethiopia,53
EST,Estonia,50
TPE,Taiwan,49
SLO,Slovenia,48
SVK,Slovakia,47
AZE,Azerbaijan,44
POR,Portugal,41
BAH,Bahamas,40
IRL,Ireland,35
LAT,Latvia,35
UZB,Uzbekistan,34
CHI,Chile,32
TTO,Trinidad,32
GEO,Georgia,32
THA,Thailand,30
ANZ,Australia,29
COL,Colombia,28
EGY,Egypt,27
MGL,Mongolia,26
MAR,Morocco,23
GHA,Ghana,23
ZIM,Zimbabwe,22
CMR,Cameroon,22
ISL,Iceland,17
PAR,Paraguay,17
ALG,Algeria,17
MAS,Malaysia,16
ARM,Armenia,16
VEN,Venezuela,15
PER,Peru,15
MNE,Montenegro,14
FIJ,Fiji,13
TUN,Tunisia,13
BOH,Czech Republic,12
PHI,Philippines,10
ISR,Israel,9
PUR,Puerto Rico,9
LIE,Liechtenstein,9
LUX,Luxembourg,8
MDA,Moldova,8
HAI,Haiti,7
UGA,Uganda,7
DOM,Dominican Republic,7
KSA,Saudi Arabia,6
QAT,Qatar,5
IOA,Individual Olympic Athletes,5
WIF,Trinidad,5
LIB,Lebanon,4
HKG,China,4
VIE,Vietnam,4
CRC,Costa Rica,4
TJK,Tajikistan,4
CIV,Ivory Coast,3
SYR,Syria,3
PAN,Panama,3
BRN,Bahrain,3
KGZ,Kyrgyzstan,3
TAN,Tanzania,2
ZAM,Zambia,2
UAE,United Arab Emirates,2
UAR,Syria,2
ECU,Ecuador,2
MOZ,Mozambique,2
GRN,Grenada,2
AFG,Afghanistan,2
SRI,Sri Lanka,2
BDI,Burundi,2
KUW,Kuwait,2
SUR,Suriname,2
NIG,Niger,2
ERI,Eritrea,1
BOT,Botswana,1
ISV,"Virgin Islands, US",1
GUA,Guatemala,1
DJI,Djibouti,1
CYP,Cyprus,1
MRI,Mauritius,1
SUD,Sudan,1
MON,Monaco,1
SEN,Senegal,1
AHO,Curacao,1
GUY,Guyana,1
IRQ,Iraq,1
TOG,Togo,1
BAR,Barbados,1
NEP,Nepal,1
JOR,Jordan,1
MKD,Macedonia,1
KOS,Kosovo,1
TGA,Tonga,1
BER,Bermuda,1
GAB,Gabon,1
